Month,id,popularity,acousticness,danceability,duration_ms,energy,instrumentalness,key,liveness,loudness,mode,speechiness,time_signature,valence,tempo
1,14msK75pk3pA33pzPVNtBF,1,0.578,0.725,178640,0.321,0.000000,1,0.0884,-10.744,0,0.323,4,0.319,70.142
1,2JvzF1RMd7lE3KmFlsyZD8,2,0.149,0.837,213594,0.364,0.000000,8,0.271,-11.713,1,0.276,4,0.463,123.984
1,3KkXRkHbMCARz0aVfEt68P,3,0.556,0.76,158040,0.479,0.000000,2,0.0703,-5.574,1,0.0466,4,0.913,89.911
1,6MWtB6iiXyIwun0YzU6DFP,4,0.163,0.833,149520,0.539,0.000002,11,0.101,-7.399,0,0.178,4,0.385,99.947
1,5p7ujcrUXASCNwRaWNHR1C,5,0.297,0.752,201661,0.488,0.000009,6,0.0936,-7.05,1,0.0705,4,0.533,136.041
1,2rPE9A1vEgShuZxxzR2tZH,6,0.28,0.724,207333,0.647,0.000000,1,0.102,-5.642,1,0.0658,4,0.435,106.96
1,6Qs4SXO9dwPj5GKvVOv8Ki,7,0.45,0.741,171030,0.52,0.000002,8,0.222,-7.513,1,0.0656,4,0.347,102.998
1,5iwz1NiezX7WWjnCgY5TH4,8,0.323,0.826,238200,0.773,0.000000,11,0.143,-4.218,0,0.0524,4,0.761,126.899
1,25sgk305KZfyuqVBQIahim,9,0.0691,0.719,187436,0.704,0.000000,1,0.166,-4.724,1,0.0476,4,0.628,133.002
1,4w8niZpiMy6qz1mntFA5uM,10,0.157,0.842,212500,0.801,0.000005,8,0.0642,-4.167,0,0.228,4,0.617,95.881
1,116H0KvKr2Zl4RPuVBruDO,11,0.0141,0.817,210368,0.539,0.000496,6,0.099,-6.349,0,0.0621,4,0.158,97.062
1,2VxeLyX666F8uXCJ0dZF8B,12,0.371,0.572,215733,0.385,0.000000,7,0.231,-6.362,1,0.0308,4,0.323,95.799
1,1rqqCSm0Qe4I9rUvWncaom,13,0.193,0.579,190947,0.904,0.000000,5,0.064,-2.729,1,0.0618,4,0.681,82.014
1,2IRZnDFmlqMuOrYOLnZZyc,14,0.259,0.889,180522,0.496,0.000000,4,0.252,-6.365,0,0.0905,4,0.544,86.003
1,6FyRXC8tJUh863JCkyWqtk,15,0.323,0.767,258639,0.709,0.000000,1,0.0676,-4.47,1,0.336,4,0.72,171.993
1,2dpaYNEQHiRxtZbfNsse99,16,0.191,0.687,214290,0.792,0.000000,5,0.167,-2.749,1,0.0452,4,0.671,100.015
1,5W83ErFkO3aKAIS1WMi6u0,17,0.602,0.807,258800,0.803,0.008530,11,0.136,-4.156,1,0.126,4,0.706,91.987
1,2xLMifQCjDGFmkHkpNLD9h,18,0.00513,0.834,312820,0.73,0.000000,8,0.124,-3.714,1,0.222,4,0.446,155.008
1,5kfNriitmkNE8mUbZ7gbq8,19,0.606,0.551,210667,0.44,0.000030,10,0.11,-8.559,1,0.0985,4,0.341,167.923
1,0FZ4Dmg8jJJAPJnvBIzD9z,20,0.0521,0.861,228760,0.603,0.000000,8,0.0924,-5.788,0,0.176,4,0.504,98.043
1,5itOtNx0WxtJmi1TQ3RuRd,21,0.016,0.807,229184,0.887,0.000503,1,0.0811,-4.311,0,0.0361,4,0.606,122.015
1,3Ol2xnObFdKV9pmRD2t9x8,22,0.407,0.791,179449,0.587,0.000000,3,0.148,-5.075,0,0.0413,4,0.536,96.057
1,27rdGxbavYJeBphck5MZAF,23,0.00987,0.601,217467,0.794,0.000001,7,0.388,-5.844,0,0.0671,4,0.244,114.066
1,78QR3Wp35dqAhFEc2qAGjE,24,0.0852,0.897,145543,0.662,0.000000,1,0.534,-6.903,0,0.292,4,0.389,112.511
1,7FGq80cy8juXBCD2nrqdWU,25,0.549,0.632,170770,0.686,0.000000,6,0.2,-7.665,0,0.243,4,0.329,89.949
1,14JzyD6FlBD5z0wV5P07YI,26,0.979,0.498,199931,0.104,0.000079,1,0.0895,-14.08,0,0.0621,3,0.205,124.001
1,7uH27oIt4a6cIFCA8ZPcyG,27,0.0361,0.816,158400,0.754,0.000000,11,0.217,-2.75,0,0.111,4,0.533,99.966
1,1xzBco0xcoJEDXktl7Jxrr,28,0.194,0.729,183907,0.625,0.009860,4,0.248,-5.266,1,0.0315,4,0.261,146.034
1,7wFybC8jBH3zE139OpCtpG,29,0.0863,0.663,202093,0.675,0.001330,2,0.117,-12.159,1,0.0359,4,0.176,101.004
1,5JEx7HbmvHQQswJCsoo9rA,30,0.0969,0.574,182623,0.758,0.000000,1,0.395,-5.029,0,0.0621,4,0.492,144.111
1,5600nq7TiBraBX2jobyJ3l,31,0.00579,0.588,182075,0.821,0.000275,5,0.208,-6.54,0,0.216,4,0.509,188.098
1,7dt6x5M1jzdTEt8oCbisTK,32,0.331,0.68,231267,0.578,0.000000,10,0.135,-5.804,1,0.04,4,0.341,145.038
1,3ee8Jmje8o58CHK66QrVC2,33,0.258,0.74,166606,0.613,0.003720,8,0.123,-4.88,1,0.145,4,0.473,75.023
1,7COXchtUOMd6uIT6HvmRaI,34,0.176,0.599,162583,0.733,0.000000,11,0.242,-7.058,1,0.203,4,0.534,102.211
1,3EPXxR3ImUwfayaurPi3cm,35,0.697,0.553,196373,0.586,0.000000,11,0.0813,-6.319,1,0.0362,4,0.443,126.684
1,0s5DNDV6LAKn2u2Ufa3VjQ,36,0.146,0.709,204453,0.771,0.000003,7,0.249,-4.598,1,0.166,4,0.709,174.006
1,7tFiyTwD0nx5a1eklYtX2J,37,0.288,0.392,354320,0.402,0.000000,0,0.243,-9.961,0,0.0536,4,0.228,143.883
1,4BiiOzZCrXEzHRLYcYFiD5,38,0.488,0.773,180120,0.699,0.000004,1,0.0814,-5.982,0,0.0958,4,0.513,104.941
1,7fa9MBXhVfQ8P8Df9OEbD8,39,0.568,0.851,235545,0.541,0.000000,0,0.13,-6.825,1,0.0505,4,0.448,124.959
1,2cYnZNzFRFK0H7vSNxPsUq,40,0.265,0.751,219357,0.665,0.000000,8,0.0515,-3.083,1,0.124,4,0.698,95.239
1,285pBltuF7vW8TeWk8hdRR,41,0.349,0.511,239836,0.566,0.000000,6,0.34,-7.23,0,0.2,4,0.218,83.903
1,6MJUCumnQsQEKbCy28tbCP,42,0.291,0.788,207853,0.771,0.000056,4,0.172,-3.206,0,0.0563,4,0.701,99.038
1,6zeeWid2sgw4lap2jV61PZ,43,0.0765,0.596,229320,0.552,0.334000,0,0.104,-10.278,0,0.097,4,0.112,97.949
1,0JP9xo3adEtGSdUEISiszL,44,0.556,0.921,135090,0.537,0.004040,9,0.102,-5.723,0,0.0804,4,0.711,128.009
1,14mHfNsSHN0FbLftyjrV9g,45,0.107,0.792,195637,0.743,0.000000,7,0.183,-2.806,1,0.0851,4,0.742,150.024
1,2G1tXoGBaEMJ7FKGnkf6ud,46,0.00381,0.8,203161,0.578,0.000000,4,0.367,-5.144,0,0.0485,4,0.367,143.01
1,2LskIZrCeLxRvCiGP8gxlh,47,0.0302,0.703,198903,0.723,0.000002,9,0.126,-5.45,0,0.0412,4,0.288,104.969
1,2t8yVaLvJ0RenpXUIAC52d,48,0.0395,0.837,288624,0.636,0.001250,1,0.342,-7.643,1,0.086,4,0.274,145.972
1,0E9ZjEAyAwOXZ7wJC0PD33,49,0.176,0.694,184560,0.77,0.000011,6,0.118,-5.335,1,0.149,4,0.163,125.905
1,1LiN0Z98FkR1t0m8KmLcAH,50,0.437,0.79,190005,0.631,0.000000,8,0.158,-5.549,0,0.0425,4,0.889,94.039
2,6ocbgoVGwYJhOv1GgI9NsF,1,0.592,0.778,178627,0.317,0.000000,1,0.0881,-10.732,0,0.334,4,0.327,140.048
2,4kV4N9D1iKVxx1KLvtTpjS,2,0.0421,0.726,190440,0.554,0.000000,5,0.106,-5.29,0,0.0917,4,0.335,169.999
2,2VxeLyX666F8uXCJ0dZF8B,3,0.371,0.572,215733,0.385,0.000000,7,0.231,-6.362,1,0.0308,4,0.323,95.799
2,5w9c2J52mkdntKOmRLeM2m,4,0.11,0.737,193227,0.86,0.000002,8,0.0574,-2.652,0,0.0593,4,0.656,93.989
2,6MWtB6iiXyIwun0YzU6DFP,5,0.163,0.833,149520,0.539,0.000002,11,0.101,-7.399,0,0.178,4,0.385,99.947
2,7dbka99KTWke5o9hRp0JoB,6,0.552,0.761,158040,0.479,0.000000,2,0.0704,-5.574,1,0.0466,4,0.912,89.913
2,4NzMOnvSJVNKF7nw5NkXIP,7,0.74,0.905,193143,0.389,0.162000,8,0.106,-14.505,1,0.332,4,0.196,120.046
2,3e9HZxeyfWwjeyPAMmWSSQ,8,0.229,0.717,207320,0.653,0.000000,1,0.101,-5.634,1,0.0658,4,0.412,106.966
2,2dpaYNEQHiRxtZbfNsse99,9,0.191,0.687,214290,0.792,0.000000,5,0.167,-2.749,1,0.0452,4,0.671,100.015
2,6Qs4SXO9dwPj5GKvVOv8Ki,10,0.45,0.741,171030,0.52,0.000002,8,0.222,-7.513,1,0.0656,4,0.347,102.998
2,5p7ujcrUXASCNwRaWNHR1C,11,0.297,0.752,201661,0.488,0.000009,6,0.0936,-7.05,1,0.0705,4,0.533,136.041
2,5iwz1NiezX7WWjnCgY5TH4,12,0.323,0.826,238200,0.773,0.000000,11,0.143,-4.218,0,0.0524,4,0.761,126.899
2,25sgk305KZfyuqVBQIahim,13,0.0691,0.719,187436,0.704,0.000000,1,0.166,-4.724,1,0.0476,4,0.628,133.002
2,2JvzF1RMd7lE3KmFlsyZD8,14,0.149,0.837,213594,0.364,0.000000,8,0.271,-11.713,1,0.276,4,0.463,123.984
2,5W83ErFkO3aKAIS1WMi6u0,15,0.602,0.807,258800,0.803,0.008530,11,0.136,-4.156,1,0.126,4,0.706,91.987
2,7uH27oIt4a6cIFCA8ZPcyG,16,0.0361,0.816,158400,0.754,0.000000,11,0.217,-2.75,0,0.111,4,0.533,99.966
2,0rTV5WefWd1J3OwIheTzxM,17,0.0501,0.9,197487,0.4,0.000000,0,0.0876,-8.443,1,0.124,4,0.338,136.001
2,4w8niZpiMy6qz1mntFA5uM,18,0.157,0.842,212500,0.801,0.000005,8,0.0642,-4.167,0,0.228,4,0.617,95.881
2,7COXchtUOMd6uIT6HvmRaI,19,0.176,0.599,162583,0.733,0.000000,11,0.242,-7.058,1,0.203,4,0.534,102.211
2,44ShclXTOOnYtt5CnCDeGV,20,0.342,0.708,240527,0.691,0.000000,2,0.222,-5.179,1,0.0442,4,0.535,79.99
2,2IRZnDFmlqMuOrYOLnZZyc,21,0.259,0.889,180522,0.496,0.000000,4,0.252,-6.365,0,0.0905,4,0.544,86.003
2,116H0KvKr2Zl4RPuVBruDO,22,0.0141,0.817,210368,0.539,0.000496,6,0.099,-6.349,0,0.0621,4,0.158,97.062
2,7eBqSVxrzQZtK2mmgRG6lC,23,0.145,0.759,268434,0.73,0.000003,0,0.11,-7.985,0,0.0516,4,0.74,115.007
2,5itOtNx0WxtJmi1TQ3RuRd,24,0.016,0.807,229184,0.887,0.000503,1,0.0811,-4.311,0,0.0361,4,0.606,122.015
2,1rqqCSm0Qe4I9rUvWncaom,25,0.193,0.579,190947,0.904,0.000000,5,0.064,-2.729,1,0.0618,4,0.681,82.014
2,6FyRXC8tJUh863JCkyWqtk,26,0.323,0.767,258639,0.709,0.000000,1,0.0676,-4.47,1,0.336,4,0.72,171.993
2,2xLMifQCjDGFmkHkpNLD9h,27,0.00513,0.834,312820,0.73,0.000000,8,0.124,-3.714,1,0.222,4,0.446,155.008
2,2t8yVaLvJ0RenpXUIAC52d,28,0.0395,0.837,288624,0.636,0.001250,1,0.342,-7.643,1,0.086,4,0.274,145.972
2,3oh6SCCeLuXhFpEyepla6G,29,0.18,0.906,129264,0.382,0.000000,10,0.113,-12.89,0,0.269,4,0.391,104.025
2,5WHTFyqSii0lmT9R21abT8,30,0.296,0.674,178480,0.881,0.000003,9,0.0793,-2.853,1,0.147,4,0.234,98.994
2,7tFiyTwD0nx5a1eklYtX2J,31,0.288,0.392,354320,0.402,0.000000,0,0.243,-9.961,0,0.0536,4,0.228,143.883
2,0PG9fbaaHFHfre2gUVo7AN,32,0.0642,0.747,200890,0.57,0.000000,1,0.0832,-6.711,1,0.081,4,0.65,133.992
2,11cDEev79fPKi6uJCjUhu8,33,0.00791,0.51,226747,0.835,0.000000,3,0.219,-4.673,1,0.0447,4,0.435,140.024
2,7FGq80cy8juXBCD2nrqdWU,34,0.549,0.632,170770,0.686,0.000000,6,0.2,-7.665,0,0.243,4,0.329,89.949
2,3Ol2xnObFdKV9pmRD2t9x8,35,0.407,0.791,179449,0.587,0.000000,3,0.148,-5.075,0,0.0413,4,0.536,96.057
2,0s5DNDV6LAKn2u2Ufa3VjQ,36,0.146,0.709,204453,0.771,0.000003,7,0.249,-4.598,1,0.166,4,0.709,174.006
2,7EQpvVujgytLVY8vKiDHAg,37,0.0276,0.847,267107,0.58,0.054800,1,0.1,-5.316,1,0.0723,4,0.575,137.995
2,63cd4JkwGgYJrbOizbfmsp,38,0.172,0.68,194520,0.559,0.000000,0,0.318,-5.545,1,0.129,4,0.137,202.006
2,7dt6x5M1jzdTEt8oCbisTK,39,0.331,0.68,231267,0.578,0.000000,10,0.135,-5.804,1,0.04,4,0.341,145.038
2,0FZ4Dmg8jJJAPJnvBIzD9z,40,0.0521,0.861,228760,0.603,0.000000,8,0.0924,-5.788,0,0.176,4,0.504,98.043
2,1TEL6MlSSVLSdhOSddidlJ,41,0.78,0.647,171573,0.309,0.000007,7,0.202,-7.948,0,0.0366,4,0.195,87.045
2,4SPu0Ql902hTVXkBoNIYtq,42,0.447,0.737,182000,0.461,0.000000,6,0.268,-6.887,1,0.293,4,0.481,75.005
2,7fa9MBXhVfQ8P8Df9OEbD8,43,0.568,0.851,235545,0.541,0.000000,0,0.13,-6.825,1,0.0505,4,0.448,124.959
2,78QR3Wp35dqAhFEc2qAGjE,44,0.0852,0.897,145543,0.662,0.000000,1,0.534,-6.903,0,0.292,4,0.389,112.511
2,2qxmye6gAegTMjLKEBoR3d,45,0.74,0.652,169354,0.557,0.000000,1,0.124,-5.714,0,0.0318,4,0.483,150.073
2,3EPXxR3ImUwfayaurPi3cm,46,0.697,0.553,196373,0.586,0.000000,11,0.0813,-6.319,1,0.0362,4,0.443,126.684
2,2hloaUoRonYssMuqLCBLTX,47,0.0815,0.758,216893,0.665,0.000157,2,0.216,-5.188,0,0.0774,4,0.643,151.976
2,6ZRuF2n1CQxyxxAAWsKJOy,48,0.367,0.61,201788,0.725,0.000000,8,0.154,-5.131,1,0.15,4,0.291,146.163
2,2cYnZNzFRFK0H7vSNxPsUq,49,0.265,0.751,219357,0.665,0.000000,8,0.0515,-3.083,1,0.124,4,0.698,95.239
2,1wJRveJZLSb1rjhnUHQiv6,50,0.0153,0.581,189487,0.662,0.000000,9,0.111,-5.239,1,0.303,4,0.434,93.023
3,6ocbgoVGwYJhOv1GgI9NsF,1,0.592,0.778,178627,0.317,0.000000,1,0.0881,-10.732,0,0.334,4,0.327,140.048
3,5w9c2J52mkdntKOmRLeM2m,2,0.11,0.737,193227,0.86,0.000002,8,0.0574,-2.652,0,0.0593,4,0.656,93.989
3,4y3OI86AEP6PQoDE6olYhO,3,0.0427,0.842,181040,0.734,0.000000,1,0.106,-5.065,0,0.0588,4,0.952,137.958
3,3KkXRkHbMCARz0aVfEt68P,4,0.556,0.76,158040,0.479,0.000000,2,0.0703,-5.574,1,0.0466,4,0.913,89.911
3,6MWtB6iiXyIwun0YzU6DFP,5,0.163,0.833,149520,0.539,0.000002,11,0.101,-7.399,0,0.178,4,0.385,99.947
3,2VxeLyX666F8uXCJ0dZF8B,6,0.371,0.572,215733,0.385,0.000000,7,0.231,-6.362,1,0.0308,4,0.323,95.799
3,4kV4N9D1iKVxx1KLvtTpjS,7,0.0421,0.726,190440,0.554,0.000000,5,0.106,-5.29,0,0.0917,4,0.335,169.999
3,6Qs4SXO9dwPj5GKvVOv8Ki,8,0.45,0.741,171030,0.52,0.000002,8,0.222,-7.513,1,0.0656,4,0.347,102.998
3,25sgk305KZfyuqVBQIahim,9,0.0691,0.719,187436,0.704,0.000000,1,0.166,-4.724,1,0.0476,4,0.628,133.002
3,5iwz1NiezX7WWjnCgY5TH4,10,0.323,0.826,238200,0.773,0.000000,11,0.143,-4.218,0,0.0524,4,0.761,126.899
3,5WHTFyqSii0lmT9R21abT8,11,0.296,0.674,178480,0.881,0.000003,9,0.0793,-2.853,1,0.147,4,0.234,98.994
3,7uH27oIt4a6cIFCA8ZPcyG,12,0.0361,0.816,158400,0.754,0.000000,11,0.217,-2.75,0,0.111,4,0.533,99.966
3,2dpaYNEQHiRxtZbfNsse99,13,0.191,0.687,214290,0.792,0.000000,5,0.167,-2.749,1,0.0452,4,0.671,100.015
3,5W83ErFkO3aKAIS1WMi6u0,14,0.602,0.807,258800,0.803,0.008530,11,0.136,-4.156,1,0.126,4,0.706,91.987
3,2JvzF1RMd7lE3KmFlsyZD8,15,0.149,0.837,213594,0.364,0.000000,8,0.271,-11.713,1,0.276,4,0.463,123.984
3,5icOoE6VgqFKohjWWNp0Ac,16,0.0623,0.791,156347,0.565,0.000000,5,0.156,-3.933,0,0.0439,4,0.181,99.961
3,53CJANUxooaqGOtdsBTh7O,17,0.0361,0.908,113013,0.517,0.000002,1,0.0949,-6.063,1,0.129,4,0.471,136.019
3,7COXchtUOMd6uIT6HvmRaI,18,0.176,0.599,162583,0.733,0.000000,11,0.242,-7.058,1,0.203,4,0.534,102.211
3,5p7ujcrUXASCNwRaWNHR1C,19,0.297,0.752,201661,0.488,0.000009,6,0.0936,-7.05,1,0.0705,4,0.533,136.041
3,3e9HZxeyfWwjeyPAMmWSSQ,20,0.229,0.717,207320,0.653,0.000000,1,0.101,-5.634,1,0.0658,4,0.412,106.966
3,4NzMOnvSJVNKF7nw5NkXIP,21,0.74,0.905,193143,0.389,0.162000,8,0.106,-14.505,1,0.332,4,0.196,120.046
3,1WSGTYKLEpKfNQYYW5Oymt,22,0.404,0.541,158027,0.468,0.000004,10,0.358,-4.039,0,0.362,4,0.69,95.266
3,0rTV5WefWd1J3OwIheTzxM,23,0.0501,0.9,197487,0.4,0.000000,0,0.0876,-8.443,1,0.124,4,0.338,136.001
3,31UjYv5vLsDkzchJOtUMtW,24,0.252,0.837,184436,0.791,0.000001,4,0.188,-3.157,0,0.0773,4,0.618,91.98
3,7eBqSVxrzQZtK2mmgRG6lC,25,0.145,0.759,268434,0.73,0.000003,0,0.11,-7.985,0,0.0516,4,0.74,115.007
3,5itOtNx0WxtJmi1TQ3RuRd,26,0.016,0.807,229184,0.887,0.000503,1,0.0811,-4.311,0,0.0361,4,0.606,122.015
3,224EVTFiLsdQignUFLvDeH,27,0.753,0.688,360960,0.62,0.000005,11,0.158,-8.029,0,0.22,4,0.727,170.018
3,2IRZnDFmlqMuOrYOLnZZyc,28,0.259,0.889,180522,0.496,0.000000,4,0.252,-6.365,0,0.0905,4,0.544,86.003
3,1wJRveJZLSb1rjhnUHQiv6,29,0.0153,0.581,189487,0.662,0.000000,9,0.111,-5.239,1,0.303,4,0.434,93.023
3,4txc3txsIt81diMzGhrVPS,30,0.39,0.853,221543,0.351,0.000009,7,0.752,-10.198,1,0.241,4,0.282,118.028
3,1rqqCSm0Qe4I9rUvWncaom,31,0.193,0.579,190947,0.904,0.000000,5,0.064,-2.729,1,0.0618,4,0.681,82.014
3,4w8niZpiMy6qz1mntFA5uM,32,0.157,0.842,212500,0.801,0.000005,8,0.0642,-4.167,0,0.228,4,0.617,95.881
3,2qxmye6gAegTMjLKEBoR3d,33,0.74,0.652,169354,0.557,0.000000,1,0.124,-5.714,0,0.0318,4,0.483,150.073
3,6VSaNvPPagk4U5Skxp6XfV,34,0.293,0.777,247161,0.698,0.000023,6,0.0908,-7.706,0,0.0704,4,0.119,119.963
3,6JqpFboOH2bq9pzaYbkKBn,35,0.18,0.764,187200,0.752,0.000000,8,0.0701,-3.713,0,0.0711,4,0.698,100.066
3,116H0KvKr2Zl4RPuVBruDO,36,0.0141,0.817,210368,0.539,0.000496,6,0.099,-6.349,0,0.0621,4,0.158,97.062
3,1DUSuNhF8P5vUGNPpQiZa5,37,0.543,0.645,166101,0.568,0.266000,5,0.257,-9.127,0,0.0823,4,0.391,84.999
3,0PG9fbaaHFHfre2gUVo7AN,38,0.0642,0.747,200890,0.57,0.000000,1,0.0832,-6.711,1,0.081,4,0.65,133.992
3,4u7EnebtmKWzUH433cf5Qv,39,0.271,0.414,354320,0.404,0.000000,0,0.3,-9.928,0,0.0499,4,0.224,71.105
3,3r1cV21xPMkgCmxk8VqWOB,40,0.877,0.838,135597,0.549,0.000964,9,0.115,-7.145,0,0.0755,4,0.654,114.445
3,6FyRXC8tJUh863JCkyWqtk,41,0.323,0.767,258639,0.709,0.000000,1,0.0676,-4.47,1,0.336,4,0.72,171.993
3,6Hj9jySrnFppAI0sEMCZpJ,42,0.328,0.685,240051,0.692,0.000000,2,0.153,-5.122,1,0.0457,5,0.578,159.966
3,2xLMifQCjDGFmkHkpNLD9h,43,0.00513,0.834,312820,0.73,0.000000,8,0.124,-3.714,1,0.222,4,0.446,155.008
3,63cd4JkwGgYJrbOizbfmsp,44,0.172,0.68,194520,0.559,0.000000,0,0.318,-5.545,1,0.129,4,0.137,202.006
3,7FGq80cy8juXBCD2nrqdWU,45,0.549,0.632,170770,0.686,0.000000,6,0.2,-7.665,0,0.243,4,0.329,89.949
3,0s5DNDV6LAKn2u2Ufa3VjQ,46,0.146,0.709,204453,0.771,0.000003,7,0.249,-4.598,1,0.166,4,0.709,174.006
3,2H4gf1wLxvYreMj1jcaN0k,47,0.705,0.551,196493,0.537,0.000000,11,0.0802,-7.595,1,0.034,4,0.493,126.421
3,7dt6x5M1jzdTEt8oCbisTK,48,0.331,0.68,231267,0.578,0.000000,10,0.135,-5.804,1,0.04,4,0.341,145.038
3,2TIlqbIneP0ZY1O0EzYLlc,49,0.751,0.501,182161,0.405,0.000000,1,0.105,-5.679,1,0.0319,4,0.446,109.891
3,3Ol2xnObFdKV9pmRD2t9x8,50,0.407,0.791,179449,0.587,0.000000,3,0.148,-5.075,0,0.0413,4,0.536,96.057
4,2Fxmhks0bxGSBdJ92vM42m,1,0.328,0.701,194088,0.425,0.130000,7,0.1,-10.965,1,0.375,4,0.562,135.128
4,6u7jPi22kF8CTQ3rb9DHE7,2,0.0533,0.878,157067,0.619,0.000000,6,0.113,-5.56,1,0.102,4,0.639,136.041
4,53CJANUxooaqGOtdsBTh7O,3,0.0361,0.908,113013,0.517,0.000002,1,0.0949,-6.063,1,0.129,4,0.471,136.019
4,6nDKrPlXdpomGBgAlO7UdP,4,0.272,0.802,157202,0.645,0.000000,5,0.119,-6.181,0,0.0715,4,0.376,100.001
4,5w9c2J52mkdntKOmRLeM2m,5,0.11,0.737,193227,0.86,0.000002,8,0.0574,-2.652,0,0.0593,4,0.656,93.989
4,5KawlOMHjWeUjQtnuRs22c,6,0.0923,0.645,229773,0.862,0.000000,11,0.192,-4.757,0,0.0965,4,0.798,119.991
4,6ocbgoVGwYJhOv1GgI9NsF,7,0.592,0.778,178627,0.317,0.000000,1,0.0881,-10.732,0,0.334,4,0.327,140.048
4,3KkXRkHbMCARz0aVfEt68P,8,0.556,0.76,158040,0.479,0.000000,2,0.0703,-5.574,1,0.0466,4,0.913,89.911
4,4y3OI86AEP6PQoDE6olYhO,9,0.0427,0.842,181040,0.734,0.000000,1,0.106,-5.065,0,0.0588,4,0.952,137.958
4,6TqXcAFInzjp0bODyvrWEq,10,0.051,0.901,197573,0.4,0.000000,0,0.0599,-8.575,1,0.126,4,0.346,135.984
4,4SSnFejRGlZikf02HLewEF,11,0.74,0.905,193143,0.389,0.162000,8,0.106,-14.505,1,0.332,4,0.196,120.046
4,2VxeLyX666F8uXCJ0dZF8B,12,0.371,0.572,215733,0.385,0.000000,7,0.231,-6.362,1,0.0308,4,0.323,95.799
4,6MWtB6iiXyIwun0YzU6DFP,13,0.163,0.833,149520,0.539,0.000002,11,0.101,-7.399,0,0.178,4,0.385,99.947
4,5WHTFyqSii0lmT9R21abT8,14,0.296,0.674,178480,0.881,0.000003,9,0.0793,-2.853,1,0.147,4,0.234,98.994
4,4pUCKHjJ4Ijewc37rRrvHn,15,0.32,0.738,189052,0.861,0.001750,2,0.325,-4.141,1,0.237,4,0.58,131.974
4,3Fj47GNK2kUF0uaEDgXLaD,16,0.39,0.853,221543,0.351,0.000009,7,0.752,-10.198,1,0.241,4,0.282,118.028
4,43zdsphuZLzwA9k4DJhU0I,17,0.978,0.367,196077,0.111,0.000040,4,0.0897,-14.084,1,0.0972,4,0.198,82.642
4,5icOoE6VgqFKohjWWNp0Ac,18,0.0623,0.791,156347,0.565,0.000000,5,0.156,-3.933,0,0.0439,4,0.181,99.961
4,224EVTFiLsdQignUFLvDeH,19,0.753,0.688,360960,0.62,0.000005,11,0.158,-8.029,0,0.22,4,0.727,170.018
4,31UjYv5vLsDkzchJOtUMtW,20,0.252,0.837,184436,0.791,0.000001,4,0.188,-3.157,0,0.0773,4,0.618,91.98
4,5iwz1NiezX7WWjnCgY5TH4,21,0.323,0.826,238200,0.773,0.000000,11,0.143,-4.218,0,0.0524,4,0.761,126.899
4,25sgk305KZfyuqVBQIahim,22,0.0691,0.719,187436,0.704,0.000000,1,0.166,-4.724,1,0.0476,4,0.628,133.002
4,2dpaYNEQHiRxtZbfNsse99,23,0.191,0.687,214290,0.792,0.000000,5,0.167,-2.749,1,0.0452,4,0.671,100.015
4,6Qs4SXO9dwPj5GKvVOv8Ki,24,0.45,0.741,171030,0.52,0.000002,8,0.222,-7.513,1,0.0656,4,0.347,102.998
4,1wJRveJZLSb1rjhnUHQiv6,25,0.0153,0.581,189487,0.662,0.000000,9,0.111,-5.239,1,0.303,4,0.434,93.023
4,5p7ujcrUXASCNwRaWNHR1C,26,0.297,0.752,201661,0.488,0.000009,6,0.0936,-7.05,1,0.0705,4,0.533,136.041
4,7COXchtUOMd6uIT6HvmRaI,27,0.176,0.599,162583,0.733,0.000000,11,0.242,-7.058,1,0.203,4,0.534,102.211
4,2qxmye6gAegTMjLKEBoR3d,28,0.74,0.652,169354,0.557,0.000000,1,0.124,-5.714,0,0.0318,4,0.483,150.073
4,7uH27oIt4a6cIFCA8ZPcyG,29,0.0361,0.816,158400,0.754,0.000000,11,0.217,-2.75,0,0.111,4,0.533,99.966
4,4kV4N9D1iKVxx1KLvtTpjS,30,0.0421,0.726,190440,0.554,0.000000,5,0.106,-5.29,0,0.0917,4,0.335,169.999
4,35RDmXJ59YYGNlv1KfTGsP,31,0.00413,0.507,211267,0.644,0.000000,4,0.217,-7.485,1,0.0641,4,0.172,179.913
4,2JvzF1RMd7lE3KmFlsyZD8,32,0.149,0.837,213594,0.364,0.000000,8,0.271,-11.713,1,0.276,4,0.463,123.984
4,4lzxJ4jCuFDXXGkE1LmpKR,33,0.391,0.857,267500,0.647,0.000001,11,0.0842,-4.152,0,0.0984,4,0.553,95.982
4,3e9HZxeyfWwjeyPAMmWSSQ,34,0.229,0.717,207320,0.653,0.000000,1,0.101,-5.634,1,0.0658,4,0.412,106.966
4,6v0lAdFF4haL8xjBIUjtOw,35,0.241,0.673,201818,0.752,0.000045,2,0.0813,-3.572,0,0.0561,4,0.797,175.997
4,5W83ErFkO3aKAIS1WMi6u0,36,0.602,0.807,258800,0.803,0.008530,11,0.136,-4.156,1,0.126,4,0.706,91.987
4,1NJcg626wLln4pGHpiV7mf,37,0.934,0.351,200186,0.296,0.000000,4,0.095,-10.109,0,0.0333,4,0.12,115.284
4,3XiNC94b4Tq1xwv70sQJGN,38,0.0948,0.729,243976,0.603,0.000000,6,0.113,-6.736,0,0.0666,4,0.207,134.972
4,2IRZnDFmlqMuOrYOLnZZyc,39,0.259,0.889,180522,0.496,0.000000,4,0.252,-6.365,0,0.0905,4,0.544,86.003
4,1rqqCSm0Qe4I9rUvWncaom,40,0.193,0.579,190947,0.904,0.000000,5,0.064,-2.729,1,0.0618,4,0.681,82.014
4,4n7jnSxVLd8QioibtTDBDq,41,0.0209,0.509,193798,0.689,0.000000,1,0.301,-4.929,0,0.102,4,0.297,170.087
4,0uUNN1nSoUx1A4fkDCWDQ7,42,0.0737,0.682,183027,0.656,0.000000,6,0.353,-4.67,1,0.0435,4,0.607,130.089
4,46lvmzK8wxAy66tjzXXSh0,43,0.266,0.849,264483,0.655,0.000000,8,0.0781,-2.899,1,0.106,4,0.76,161.966
4,2qG5sZ7Si6sdK74qLxedYM,44,0.39,0.882,161627,0.689,0.003250,6,0.0501,-4.027,1,0.124,4,0.746,97.963
4,2S1LebN6AXXQqJolBxlWgO,45,0.639,0.694,281500,0.664,0.000000,2,0.0929,-4.649,1,0.05,4,0.676,95.941
4,7eBqSVxrzQZtK2mmgRG6lC,46,0.145,0.759,268434,0.73,0.000003,0,0.11,-7.985,0,0.0516,4,0.74,115.007
4,3XF5xLJHOQQRbWya6hBp7d,47,0.462,0.678,180953,0.533,0.219000,4,0.139,-10.485,1,0.186,4,0.323,150.455
4,5itOtNx0WxtJmi1TQ3RuRd,48,0.016,0.807,229184,0.887,0.000503,1,0.0811,-4.311,0,0.0361,4,0.606,122.015
4,6zeeWid2sgw4lap2jV61PZ,49,0.0765,0.596,229320,0.552,0.334000,0,0.104,-10.278,0,0.097,4,0.112,97.949
4,4w8niZpiMy6qz1mntFA5uM,50,0.157,0.842,212500,0.801,0.000005,8,0.0642,-4.167,0,0.228,4,0.617,95.881
5,3HVWdVOQ0ZA45FuZGSfvns,1,0.0912,0.798,219947,0.675,0.000000,6,0.0894,-5.041,1,0.0442,4,0.842,101.956
5,2Fxmhks0bxGSBdJ92vM42m,2,0.328,0.701,194088,0.425,0.130000,7,0.1,-10.965,1,0.375,4,0.562,135.128
5,6u7jPi22kF8CTQ3rb9DHE7,3,0.0533,0.878,157067,0.619,0.000000,6,0.113,-5.56,1,0.102,4,0.639,136.041
5,1Ej96GIBCTvgH7tNX1r3qr,4,0.136,0.747,225933,0.7,0.000167,0,0.11,-4.669,1,0.341,4,0.62,176.036
5,6LsAAHotRLMOHfCsSfYCsz,5,0.524,0.692,190800,0.809,0.000000,2,0.147,-4.198,1,0.0602,4,0.864,123.911
5,7DcvwMAiqKJQD1rrdfxSDx,6,0.0247,0.796,200107,0.586,0.000000,4,0.132,-6.946,0,0.147,4,0.179,97.981
5,53CJANUxooaqGOtdsBTh7O,7,0.0361,0.908,113013,0.517,0.000002,1,0.0949,-6.063,1,0.129,4,0.471,136.019
5,5hVghJ4KaYES3BFUATCYn0,8,0.23,0.554,190067,0.498,0.000006,9,0.795,-8.866,1,0.0685,4,0.413,79.635
5,543bCW2ruMPmxUBWirQ3MR,9,0.214,0.746,206187,0.787,0.000000,4,0.0669,-6.373,1,0.12,4,0.607,95.005
5,1c0hsvHLELX6y8qymnpLKL,10,0.361,0.795,266087,0.783,0.000000,5,0.437,-4.271,1,0.0432,4,0.8,92.016
5,3KkXRkHbMCARz0aVfEt68P,11,0.556,0.76,158040,0.479,0.000000,2,0.0703,-5.574,1,0.0466,4,0.913,89.911
5,5w9c2J52mkdntKOmRLeM2m,12,0.11,0.737,193227,0.86,0.000002,8,0.0574,-2.652,0,0.0593,4,0.656,93.989
5,7qEHsqek33rTcFNT9PFqLf,13,0.751,0.501,182161,0.405,0.000000,1,0.105,-5.679,1,0.0319,4,0.446,109.891
5,6nDKrPlXdpomGBgAlO7UdP,14,0.272,0.802,157202,0.645,0.000000,5,0.119,-6.181,0,0.0715,4,0.376,100.001
5,4y3OI86AEP6PQoDE6olYhO,15,0.0427,0.842,181040,0.734,0.000000,1,0.106,-5.065,0,0.0588,4,0.952,137.958
5,4MsUsFfWseB9M2plGJyuIw,16,0.0291,0.614,193040,0.839,0.000000,0,0.112,-4.143,1,0.0702,4,0.657,182.123
5,6ocbgoVGwYJhOv1GgI9NsF,17,0.592,0.778,178627,0.317,0.000000,1,0.0881,-10.732,0,0.334,4,0.327,140.048
5,6TqXcAFInzjp0bODyvrWEq,18,0.051,0.901,197573,0.4,0.000000,0,0.0599,-8.575,1,0.126,4,0.346,135.984
5,5qmq61DAAOUaW8AUo8xKhh,19,0.11,0.715,173325,0.624,0.000000,4,0.123,-3.046,0,0.114,4,0.412,158.087
5,2VxeLyX666F8uXCJ0dZF8B,20,0.371,0.572,215733,0.385,0.000000,7,0.231,-6.362,1,0.0308,4,0.323,95.799
5,7Feaw9WAEREY0DUOSXJLOM,21,0.179,0.661,163805,0.723,0.000012,5,0.14,-6.976,0,0.0566,4,0.316,113.778
5,5WHTFyqSii0lmT9R21abT8,22,0.296,0.674,178480,0.881,0.000003,9,0.0793,-2.853,1,0.147,4,0.234,98.994
5,4tNXntkAzQ5A2dfYRYGIIQ,23,0.489,0.505,157493,0.428,0.000000,5,0.0977,-5.604,1,0.221,4,0.618,175.813
5,5jW3rF4URMdK7tO2xjS5EI,24,0.25,0.855,263899,0.649,0.000000,8,0.0801,-2.443,1,0.151,4,0.741,161.986
5,6MWtB6iiXyIwun0YzU6DFP,25,0.163,0.833,149520,0.539,0.000002,11,0.101,-7.399,0,0.178,4,0.385,99.947
5,2gwkD6igEhQbDQegRCcdoB,26,0.0608,0.876,163320,0.662,0.000000,2,0.127,-6.482,0,0.426,4,0.844,75.445
5,1DFD5Fotzgn6yYXkYsKiGs,27,0.0404,0.677,152913,0.744,0.000160,10,0.074,-6.806,0,0.0295,4,0.631,124.08
5,4SSnFejRGlZikf02HLewEF,28,0.74,0.905,193143,0.389,0.162000,8,0.106,-14.505,1,0.332,4,0.196,120.046
5,7g8YaUQABMal0zWe7a2ijz,29,0.753,0.688,360960,0.62,0.000005,11,0.158,-8.029,0,0.22,4,0.727,170.018
5,5icOoE6VgqFKohjWWNp0Ac,30,0.0623,0.791,156347,0.565,0.000000,5,0.156,-3.933,0,0.0439,4,0.181,99.961
5,25sgk305KZfyuqVBQIahim,31,0.0691,0.719,187436,0.704,0.000000,1,0.166,-4.724,1,0.0476,4,0.628,133.002
5,340UVheS8z3ncW9TTUhAbc,32,0.0188,0.611,231999,0.622,0.000000,9,0.359,-5.075,0,0.0734,4,0.538,146.11
5,2dpaYNEQHiRxtZbfNsse99,33,0.191,0.687,214290,0.792,0.000000,5,0.167,-2.749,1,0.0452,4,0.671,100.015
5,5iwz1NiezX7WWjnCgY5TH4,34,0.323,0.826,238200,0.773,0.000000,11,0.143,-4.218,0,0.0524,4,0.761,126.899
5,43zdsphuZLzwA9k4DJhU0I,35,0.978,0.367,196077,0.111,0.000040,4,0.0897,-14.084,1,0.0972,4,0.198,82.642
5,4lzxJ4jCuFDXXGkE1LmpKR,36,0.391,0.857,267500,0.647,0.000001,11,0.0842,-4.152,0,0.0984,4,0.553,95.982
5,6v0lAdFF4haL8xjBIUjtOw,37,0.241,0.673,201818,0.752,0.000045,2,0.0813,-3.572,0,0.0561,4,0.797,175.997
5,5p7ujcrUXASCNwRaWNHR1C,38,0.297,0.752,201661,0.488,0.000009,6,0.0936,-7.05,1,0.0705,4,0.533,136.041
5,6Qs4SXO9dwPj5GKvVOv8Ki,39,0.45,0.741,171030,0.52,0.000002,8,0.222,-7.513,1,0.0656,4,0.347,102.998
5,5KawlOMHjWeUjQtnuRs22c,40,0.0923,0.645,229773,0.862,0.000000,11,0.192,-4.757,0,0.0965,4,0.798,119.991
5,1LIqNVhaIgxXUt2eVoIQJ3,41,0.252,0.837,184436,0.791,0.000001,4,0.188,-3.157,0,0.0773,4,0.618,91.98
5,2qG5sZ7Si6sdK74qLxedYM,42,0.39,0.882,161627,0.689,0.003250,6,0.0501,-4.027,1,0.124,4,0.746,97.963
5,3y3brCCecHC3Db18aIOnny,43,0.381,0.591,215316,0.705,0.000116,9,0.131,-6.519,0,0.079,4,0.27,121.799
5,36TO60sxDduIsO3xH8IcUh,44,0.234,0.918,236000,0.837,0.000000,1,0.227,-6.792,1,0.255,4,0.855,120.017
5,5AjINjwKyRvQJhSe2zpPHi,45,0.121,0.861,166640,0.621,0.000000,1,0.0689,-7.106,1,0.362,4,0.254,83.976
5,7njKgVl3AnLflRad38o7AG,46,0.0828,0.844,169038,0.644,0.000000,11,0.113,-6.273,0,0.0479,4,0.591,122.061
5,1iWHabUgUuuKLBa0TzTHfk,47,0.0575,0.302,242956,0.414,0.000000,2,0.0861,-8.16,1,0.0319,4,0.105,110.508
5,2MuMD298IpYqKF367wegUd,48,0.137,0.694,245387,0.759,0.000000,10,0.167,-5.667,0,0.398,4,0.77,140.055
5,0u2P5u6lvoDfwTYjAADbn4,49,0.934,0.351,200186,0.296,0.000000,4,0.095,-10.109,0,0.0333,4,0.12,115.284
5,0uUNN1nSoUx1A4fkDCWDQ7,50,0.0737,0.682,183027,0.656,0.000000,6,0.353,-4.67,1,0.0435,4,0.607,130.089
6,0TK2YIli7K1leLovkQiNik,1,0.037,0.759,190960,0.54,0.000000,9,0.0945,-6.039,0,0.0287,4,0.75,116.947
6,3HVWdVOQ0ZA45FuZGSfvns,2,0.0912,0.798,219947,0.675,0.000000,6,0.0894,-5.041,1,0.0442,4,0.842,101.956
6,2Fxmhks0bxGSBdJ92vM42m,3,0.328,0.701,194088,0.425,0.130000,7,0.1,-10.965,1,0.375,4,0.562,135.128
6,6u7jPi22kF8CTQ3rb9DHE7,4,0.0533,0.878,157067,0.619,0.000000,6,0.113,-5.56,1,0.102,4,0.639,136.041
6,5ry2OE6R2zPQFDO85XkgRb,5,0.101,0.831,205427,0.502,0.000000,10,0.122,-4.045,0,0.046,4,0.101,100.541
6,29fRTIKsJhLUJoldM89GZS,6,0.00838,0.769,171387,0.678,0.000000,2,0.0596,-5.604,1,0.0507,4,0.706,85.025
6,6fTt0CH2t0mdeB2N9XFG5r,7,0.342,0.703,114893,0.594,0.000000,5,0.123,-6.146,0,0.0752,4,0.475,153.848
6,1Ej96GIBCTvgH7tNX1r3qr,8,0.136,0.747,225933,0.7,0.000167,0,0.11,-4.669,1,0.341,4,0.62,176.036
6,2TH65lNHgvLxCKXM3apjxI,9,0.6,0.61,250534,0.624,0.000002,2,0.243,-4.773,1,0.309,4,0.244,176.169
6,5PYQUBXc7NYeI1obMKSJK0,10,0.194,0.77,223523,0.882,0.000000,8,0.316,-4.792,1,0.0602,4,0.385,99.991
6,6LsAAHotRLMOHfCsSfYCsz,11,0.524,0.692,190800,0.809,0.000000,2,0.147,-4.198,1,0.0602,4,0.864,123.911
6,5w9c2J52mkdntKOmRLeM2m,12,0.11,0.737,193227,0.86,0.000002,8,0.0574,-2.652,0,0.0593,4,0.656,93.989
6,1c0hsvHLELX6y8qymnpLKL,13,0.361,0.795,266087,0.783,0.000000,5,0.437,-4.271,1,0.0432,4,0.8,92.016
6,7qEHsqek33rTcFNT9PFqLf,14,0.751,0.501,182161,0.405,0.000000,1,0.105,-5.679,1,0.0319,4,0.446,109.891
6,53CJANUxooaqGOtdsBTh7O,15,0.0361,0.908,113013,0.517,0.000002,1,0.0949,-6.063,1,0.129,4,0.471,136.019
6,22vgEDb5hykfaTwLuskFGD,16,0.0427,0.842,181027,0.734,0.000000,1,0.106,-5.065,0,0.0588,4,0.952,137.958
6,3KkXRkHbMCARz0aVfEt68P,17,0.556,0.76,158040,0.479,0.000000,2,0.0703,-5.574,1,0.0466,4,0.913,89.911
6,1DFD5Fotzgn6yYXkYsKiGs,18,0.0404,0.677,152913,0.744,0.000160,10,0.074,-6.806,0,0.0295,4,0.631,124.08
6,7Feaw9WAEREY0DUOSXJLOM,19,0.179,0.661,163805,0.723,0.000012,5,0.14,-6.976,0,0.0566,4,0.316,113.778
6,7DcvwMAiqKJQD1rrdfxSDx,20,0.0247,0.796,200107,0.586,0.000000,4,0.132,-6.946,0,0.147,4,0.179,97.981
6,7FEwp8BavoEVE3AnxJDchc,21,0.123,0.698,260640,0.454,0.000000,1,0.155,-6.756,0,0.151,4,0.137,92.932
6,2x0RZdkZcD8QRI53XT4GI5,22,0.272,0.802,157202,0.645,0.000000,5,0.119,-6.181,0,0.0715,4,0.376,100.001
6,543bCW2ruMPmxUBWirQ3MR,23,0.214,0.746,206187,0.787,0.000000,4,0.0669,-6.373,1,0.12,4,0.607,95.005
6,05CwHjIk71RXVU40boRMnR,24,0.225,0.591,217653,0.702,0.000000,7,0.414,-5.59,1,0.0289,4,0.501,104.003
6,6ocbgoVGwYJhOv1GgI9NsF,25,0.592,0.778,178627,0.317,0.000000,1,0.0881,-10.732,0,0.334,4,0.327,140.048
6,5qmq61DAAOUaW8AUo8xKhh,26,0.11,0.715,173325,0.624,0.000000,4,0.123,-3.046,0,0.114,4,0.412,158.087
6,4ak7xjvBeBOcJGWFDX9w5n,27,0.139,0.706,158707,0.679,0.000070,9,0.465,-5.614,1,0.0324,4,0.657,140.081
6,1VEMUkGFio5uURvN8x1DZJ,28,0.407,0.631,172036,0.673,0.000000,6,0.154,-4.892,0,0.384,4,0.721,83.504
6,1kBbgxAUc4HQv7cgIayIDH,29,0.0204,0.745,131280,0.642,0.000000,7,0.0658,-6.257,0,0.287,4,0.226,179.974
6,1f38Gx6xQz6r4H1jGVNBJo,30,0.285,0.822,185195,0.743,0.000002,6,0.102,-3.04,0,0.0567,4,0.355,96.025
6,6TqXcAFInzjp0bODyvrWEq,31,0.051,0.901,197573,0.4,0.000000,0,0.0599,-8.575,1,0.126,4,0.346,135.984
6,0vrmHPfoBadXVr2n0m1aqZ,32,0.0715,0.592,277262,0.873,0.009820,9,0.142,-5.65,1,0.0275,4,0.516,122.011
6,2VxeLyX666F8uXCJ0dZF8B,33,0.371,0.572,215733,0.385,0.000000,7,0.231,-6.362,1,0.0308,4,0.323,95.799
6,4R8BJggjosTswLxtkw8V7P,34,0.145,0.806,309120,0.786,0.000000,10,0.0935,-3.831,0,0.0741,4,0.58,91.973
6,5hVghJ4KaYES3BFUATCYn0,35,0.23,0.554,190067,0.498,0.000006,9,0.795,-8.866,1,0.0685,4,0.413,79.635
6,4hPpVbbakQNv8YTHYaOJP4,36,0.0667,0.659,181824,0.623,0.000000,4,0.582,-2.253,1,0.0451,4,0.439,88.042
6,6v0lAdFF4haL8xjBIUjtOw,37,0.241,0.673,201818,0.752,0.000045,2,0.0813,-3.572,0,0.0561,4,0.797,175.997
6,7KbF6AdprOXEEHlsq11Z6d,38,0.217,0.777,175733,0.712,0.000000,10,0.091,-4.84,1,0.277,4,0.68,95.692
6,0DiDStADDVh3SvAsoJAFMk,39,0.108,0.795,183000,0.496,0.000000,0,0.0645,-5.883,1,0.0722,4,0.874,94.01
6,0mjAU3yKR1QnXnHtjGJqTM,40,0.156,0.759,158900,0.605,0.000000,7,0.694,-7.737,1,0.0433,4,0.64,121.049
6,6MWtB6iiXyIwun0YzU6DFP,41,0.163,0.833,149520,0.539,0.000002,11,0.101,-7.399,0,0.178,4,0.385,99.947
6,2dpaYNEQHiRxtZbfNsse99,42,0.191,0.687,214290,0.792,0.000000,5,0.167,-2.749,1,0.0452,4,0.671,100.015
6,7g8YaUQABMal0zWe7a2ijz,43,0.753,0.688,360960,0.62,0.000005,11,0.158,-8.029,0,0.22,4,0.727,170.018
6,2qG5sZ7Si6sdK74qLxedYM,44,0.39,0.882,161627,0.689,0.003250,6,0.0501,-4.027,1,0.124,4,0.746,97.963
6,5jW3rF4URMdK7tO2xjS5EI,45,0.25,0.855,263899,0.649,0.000000,8,0.0801,-2.443,1,0.151,4,0.741,161.986
6,4MsUsFfWseB9M2plGJyuIw,46,0.0291,0.614,193040,0.839,0.000000,0,0.112,-4.143,1,0.0702,4,0.657,182.123
6,4lzxJ4jCuFDXXGkE1LmpKR,47,0.391,0.857,267500,0.647,0.000001,11,0.0842,-4.152,0,0.0984,4,0.553,95.982
6,5iwz1NiezX7WWjnCgY5TH4,48,0.323,0.826,238200,0.773,0.000000,11,0.143,-4.218,0,0.0524,4,0.761,126.899
6,1kK6DwzyXJSp58u5HYWwuD,49,0.325,0.88,299227,0.67,0.000004,2,0.0662,-5.177,1,0.0468,4,0.131,101.008
6,5WHTFyqSii0lmT9R21abT8,50,0.296,0.674,178480,0.881,0.000003,9,0.0793,-2.853,1,0.147,4,0.234,98.994
7,0TK2YIli7K1leLovkQiNik,1,0.037,0.759,190960,0.54,0.000000,9,0.0945,-6.039,0,0.0287,4,0.75,116.947
7,0hVXuCcriWRGvwMV1r5Yn9,2,0.0912,0.798,219947,0.675,0.000000,6,0.0894,-5.041,1,0.0442,4,0.842,101.956
7,70eFcWOvlMObDhURTqT4Fv,3,0.124,0.64,197867,0.648,0.000000,5,0.0802,-8.113,0,0.187,4,0.548,92.977
7,6vBdBCoOhKHiYDDOcorfNo,4,0.447,0.58,174960,0.653,0.000000,5,0.111,-3.818,1,0.0745,4,0.175,150.231
7,6u7jPi22kF8CTQ3rb9DHE7,5,0.0533,0.878,157067,0.619,0.000000,6,0.113,-5.56,1,0.102,4,0.639,136.041
7,2Fxmhks0bxGSBdJ92vM42m,6,0.328,0.701,194088,0.425,0.130000,7,0.1,-10.965,1,0.375,4,0.562,135.128
7,2TH65lNHgvLxCKXM3apjxI,7,0.6,0.61,250534,0.624,0.000002,2,0.243,-4.773,1,0.309,4,0.244,176.169
7,2ksOAxtIxY8yElEWw8RhgK,8,0.0846,0.786,301714,0.808,0.000289,7,0.0822,-3.702,1,0.0882,4,0.609,105.027
7,6b2RcmUt1g9N9mQ3CbjX2Y,9,0.153,0.477,202205,0.682,0.000000,1,0.0763,-4.931,0,0.0925,5,0.345,110.567
7,1fBXSMOusjaj7GjzErHmUI,10,0.276,0.823,185195,0.71,0.000002,6,0.152,-3.896,0,0.0688,4,0.376,96.024
7,1Ej96GIBCTvgH7tNX1r3qr,11,0.136,0.747,225933,0.7,0.000167,0,0.11,-4.669,1,0.341,4,0.62,176.036
7,3yNZ5r3LKfdmjoS3gkhUCT,12,0.252,0.67,194840,0.453,0.330000,0,0.117,-11.265,1,0.295,4,0.68,135.055
7,6fTt0CH2t0mdeB2N9XFG5r,13,0.342,0.703,114893,0.594,0.000000,5,0.123,-6.146,0,0.0752,4,0.475,153.848
7,7qEHsqek33rTcFNT9PFqLf,14,0.751,0.501,182161,0.405,0.000000,1,0.105,-5.679,1,0.0319,4,0.446,109.891
7,5ry2OE6R2zPQFDO85XkgRb,15,0.101,0.831,205427,0.502,0.000000,10,0.122,-4.045,0,0.046,4,0.101,100.541
7,1DhRbox3xkceP64k3JeYfW,16,0.133,0.715,161747,0.823,0.000000,5,0.361,-5.313,0,0.0495,4,0.91,151.956
7,3KkXRkHbMCARz0aVfEt68P,17,0.556,0.76,158040,0.479,0.000000,2,0.0703,-5.574,1,0.0466,4,0.913,89.911
7,1kBbgxAUc4HQv7cgIayIDH,18,0.0204,0.745,131280,0.642,0.000000,7,0.0658,-6.257,0,0.287,4,0.226,179.974
7,5qmq61DAAOUaW8AUo8xKhh,19,0.11,0.715,173325,0.624,0.000000,4,0.123,-3.046,0,0.114,4,0.412,158.087
7,1c0hsvHLELX6y8qymnpLKL,20,0.361,0.795,266087,0.783,0.000000,5,0.437,-4.271,1,0.0432,4,0.8,92.016
7,1DFD5Fotzgn6yYXkYsKiGs,21,0.0404,0.677,152913,0.744,0.000160,10,0.074,-6.806,0,0.0295,4,0.631,124.08
7,5w9c2J52mkdntKOmRLeM2m,22,0.11,0.737,193227,0.86,0.000002,8,0.0574,-2.652,0,0.0593,4,0.656,93.989
7,0fea68AdmYNygeTGI4RC18,23,0.152,0.754,242573,0.646,0.000019,7,0.108,-5.795,1,0.317,4,0.429,176.089
7,51Fjme0JiitpyXKuyQiCDo,24,0.181,0.843,160627,0.391,0.000000,2,0.137,-7.899,1,0.0845,4,0.496,129.972
7,4vUmTMuQqjdnvlZmAH61Qk,25,0.148,0.857,204467,0.621,0.000000,9,0.0865,-6.376,0,0.0824,4,0.668,97.986
7,6LsAAHotRLMOHfCsSfYCsz,26,0.524,0.692,190800,0.809,0.000000,2,0.147,-4.198,1,0.0602,4,0.864,123.911
7,4R8BJggjosTswLxtkw8V7P,27,0.145,0.806,309120,0.786,0.000000,10,0.0935,-3.831,0,0.0741,4,0.58,91.973
7,29fRTIKsJhLUJoldM89GZS,28,0.00838,0.769,171387,0.678,0.000000,2,0.0596,-5.604,1,0.0507,4,0.706,85.025
7,4wuCQX7JvAZLlrcmH4AeZF,29,0.214,0.746,206187,0.787,0.000000,4,0.0669,-6.373,1,0.12,4,0.607,95.005
7,6moU77g9RQyMzHNuKEaQKq,30,0.374,0.732,212607,0.463,0.000000,11,0.194,-6.972,0,0.0287,4,0.397,95.971
7,25ZAibhr3bdlMCLmubZDVt,31,0.0275,0.639,222347,0.791,0.000000,10,0.362,-4.443,0,0.253,4,0.939,92.603
7,5PYQUBXc7NYeI1obMKSJK0,32,0.194,0.77,223523,0.882,0.000000,8,0.316,-4.792,1,0.0602,4,0.385,99.991
7,40OMBMYRk5IQL6xCzGM0JA,33,0.179,0.661,163805,0.723,0.000012,5,0.14,-6.976,0,0.0566,4,0.316,113.778
7,22vgEDb5hykfaTwLuskFGD,34,0.0427,0.842,181027,0.734,0.000000,1,0.106,-5.065,0,0.0588,4,0.952,137.958
7,4hPpVbbakQNv8YTHYaOJP4,35,0.0667,0.659,181824,0.623,0.000000,4,0.582,-2.253,1,0.0451,4,0.439,88.042
7,05CwHjIk71RXVU40boRMnR,36,0.225,0.591,217653,0.702,0.000000,7,0.414,-5.59,1,0.0289,4,0.501,104.003
7,6ocbgoVGwYJhOv1GgI9NsF,37,0.592,0.778,178627,0.317,0.000000,1,0.0881,-10.732,0,0.334,4,0.327,140.048
7,6oJ6le65B3SEqPwMRNXWjY,38,0.0154,0.693,228267,0.678,0.000006,8,0.101,-7.159,1,0.0324,4,0.404,103.952
7,7KbF6AdprOXEEHlsq11Z6d,39,0.217,0.777,175733,0.712,0.000000,10,0.091,-4.84,1,0.277,4,0.68,95.692
7,53CJANUxooaqGOtdsBTh7O,40,0.0361,0.908,113013,0.517,0.000002,1,0.0949,-6.063,1,0.129,4,0.471,136.019
7,7DcvwMAiqKJQD1rrdfxSDx,41,0.0247,0.796,200107,0.586,0.000000,4,0.132,-6.946,0,0.147,4,0.179,97.981
7,2qG5sZ7Si6sdK74qLxedYM,42,0.39,0.882,161627,0.689,0.003250,6,0.0501,-4.027,1,0.124,4,0.746,97.963
7,2VxeLyX666F8uXCJ0dZF8B,43,0.371,0.572,215733,0.385,0.000000,7,0.231,-6.362,1,0.0308,4,0.323,95.799
7,0AtP8EkGPn6SwxKDaUuXec,44,0.135,0.852,207760,0.666,0.000000,11,0.798,-6.923,0,0.184,4,0.726,91.046
7,6TqXcAFInzjp0bODyvrWEq,45,0.051,0.901,197573,0.4,0.000000,0,0.0599,-8.575,1,0.126,4,0.346,135.984
7,6v0lAdFF4haL8xjBIUjtOw,46,0.241,0.673,201818,0.752,0.000045,2,0.0813,-3.572,0,0.0561,4,0.797,175.997
7,5iwz1NiezX7WWjnCgY5TH4,47,0.323,0.826,238200,0.773,0.000000,11,0.143,-4.218,0,0.0524,4,0.761,126.899
7,6XHVuErjQ4XNm6nDPVCxVX,48,0.123,0.698,260640,0.454,0.000000,1,0.155,-6.756,0,0.151,4,0.137,92.932
7,2x0RZdkZcD8QRI53XT4GI5,49,0.272,0.802,157202,0.645,0.000000,5,0.119,-6.181,0,0.0715,4,0.376,100.001
7,2dpaYNEQHiRxtZbfNsse99,50,0.191,0.687,214290,0.792,0.000000,5,0.167,-2.749,1,0.0452,4,0.671,100.015
8,6v3KW9xbzN5yKLt9YKDYA2,1,0.0392,0.759,190800,0.548,0.000000,9,0.0828,-6.049,0,0.029,4,0.749,116.967
8,1dGr1c8CrMLDpV6mPbImSI,2,0.492,0.359,221307,0.543,0.000016,7,0.118,-7.582,1,0.0919,4,0.453,68.534
8,2ksOAxtIxY8yElEWw8RhgK,3,0.0846,0.786,301714,0.808,0.000289,7,0.0822,-3.702,1,0.0882,4,0.609,105.027
8,1kBbgxAUc4HQv7cgIayIDH,4,0.0204,0.745,131280,0.642,0.000000,7,0.0658,-6.257,0,0.287,4,0.226,179.974
8,6vBdBCoOhKHiYDDOcorfNo,5,0.447,0.58,174960,0.653,0.000000,5,0.111,-3.818,1,0.0745,4,0.175,150.231
8,70eFcWOvlMObDhURTqT4Fv,6,0.124,0.64,197867,0.648,0.000000,5,0.0802,-8.113,0,0.187,4,0.548,92.977
8,3RauEVgRgj1IuWdJ9fDs70,7,0.0767,0.777,190360,0.658,0.000000,0,0.0901,-5.191,1,0.054,4,0.633,110.048
8,2Fxmhks0bxGSBdJ92vM42m,8,0.328,0.701,194088,0.425,0.130000,7,0.1,-10.965,1,0.375,4,0.562,135.128
8,0hVXuCcriWRGvwMV1r5Yn9,9,0.0912,0.798,219947,0.675,0.000000,6,0.0894,-5.041,1,0.0442,4,0.842,101.956
8,6b2RcmUt1g9N9mQ3CbjX2Y,10,0.153,0.477,202205,0.682,0.000000,1,0.0763,-4.931,0,0.0925,5,0.345,110.567
8,6osaMSJh9NguagEDQcZaKx,11,0.278,0.694,185195,0.758,0.000001,11,0.102,-2.986,1,0.218,4,0.371,192.091
8,7qEHsqek33rTcFNT9PFqLf,12,0.751,0.501,182161,0.405,0.000000,1,0.105,-5.679,1,0.0319,4,0.446,109.891
8,2YpeDb67231RjR0MgVLzsG,13,0.0533,0.878,157067,0.619,0.000000,6,0.113,-5.56,1,0.102,4,0.639,136.041
8,1rgnBhdG2JDFTbYkYRZAku,14,0.688,0.825,209755,0.593,0.000161,6,0.17,-6.401,0,0.0988,4,0.54,98.078
8,0Ryd8975WihbObpp5cPW1t,15,0.119,0.4,186107,0.795,0.000000,10,0.159,-3.731,0,0.461,4,0.702,190.097
8,1BxfuPKGuaTgP7aM0Bbdwr,16,0.117,0.552,178427,0.702,0.000021,9,0.105,-5.707,1,0.157,4,0.564,169.994
8,6RRNNciQGZEXnqk8SQ9yv5,17,0.00929,0.771,171360,0.671,0.000000,2,0.0637,-5.617,1,0.0553,4,0.714,85.026
8,2TH65lNHgvLxCKXM3apjxI,18,0.6,0.61,250534,0.624,0.000002,2,0.243,-4.773,1,0.309,4,0.244,176.169
8,51Fjme0JiitpyXKuyQiCDo,19,0.181,0.843,160627,0.391,0.000000,2,0.137,-7.899,1,0.0845,4,0.496,129.972
8,43rA71bccXFGD4C8GOpIlN,20,0.298,0.664,170640,0.316,0.000002,5,0.0812,-10.345,1,0.519,4,0.541,92.875
8,0fea68AdmYNygeTGI4RC18,21,0.152,0.754,242573,0.646,0.000019,7,0.108,-5.795,1,0.317,4,0.429,176.089
8,5qmq61DAAOUaW8AUo8xKhh,22,0.11,0.715,173325,0.624,0.000000,4,0.123,-3.046,0,0.114,4,0.412,158.087
8,4R8BJggjosTswLxtkw8V7P,23,0.145,0.806,309120,0.786,0.000000,10,0.0935,-3.831,0,0.0741,4,0.58,91.973
8,4bTZeO72FwMa6wKOiqoynL,24,0.0711,0.725,287773,0.79,0.000001,0,0.0602,-2.331,1,0.197,4,0.763,175.988
8,3KkXRkHbMCARz0aVfEt68P,25,0.556,0.76,158040,0.479,0.000000,2,0.0703,-5.574,1,0.0466,4,0.913,89.911
8,4y5bvROuBDPr5fuwXbIBZR,26,0.0129,0.811,222400,0.719,0.000014,9,0.0742,-6.553,1,0.0497,4,0.865,103.979
8,5ry2OE6R2zPQFDO85XkgRb,27,0.101,0.831,205427,0.502,0.000000,10,0.122,-4.045,0,0.046,4,0.101,100.541
8,6XHVuErjQ4XNm6nDPVCxVX,28,0.123,0.698,260640,0.454,0.000000,1,0.155,-6.756,0,0.151,4,0.137,92.932
8,7BlBVFwvbWvcwNcUarQmjk,29,0.462,0.78,201040,0.759,0.000868,1,0.143,-3.292,1,0.225,4,0.579,91.952
8,214nt20w5wOxJnY462klLw,30,0.028,0.662,234147,0.747,0.006150,11,0.138,-6.926,0,0.0736,4,0.487,150.088
8,2YWtcWi3a83pdEg3Gif4Pd,31,0.00889,0.897,173387,0.366,0.000353,0,0.0715,-8.029,1,0.0569,4,0.416,100.003
8,1DFD5Fotzgn6yYXkYsKiGs,32,0.0404,0.677,152913,0.744,0.000160,10,0.074,-6.806,0,0.0295,4,0.631,124.08
8,2Rk4JlNc2TPmZe2af99d45,33,0.033,0.61,193000,0.83,0.000000,0,0.118,-4.105,1,0.0571,4,0.728,182.162
8,2qMnZF5Ja2WvmfbblByQza,34,0.327,0.795,266192,0.755,0.000000,5,0.464,-4.788,1,0.0454,4,0.816,92.02
8,12M5uqx0ZuwkpLp5rJim1a,35,0.781,0.824,287267,0.624,0.000189,0,0.1,-9.728,1,0.0827,4,0.248,102.012
8,3pHkh7d0lzM2AldUtz2x37,36,0.12,0.292,211240,0.574,0.005690,0,0.0663,-9.375,1,0.0401,4,0.166,124.344
8,1LLXZFeAHK9R4xUramtUKw,37,0.0246,0.695,190240,0.71,0.000104,1,0.133,-6.639,1,0.05,4,0.557,157.925
8,6wo37KVqFJhtuxPTpLCcfe,38,0.12,0.294,209893,0.505,0.000000,3,0.0977,-8.106,1,0.042,1,0.357,85.332
8,6fTt0CH2t0mdeB2N9XFG5r,39,0.342,0.703,114893,0.594,0.000000,5,0.123,-6.146,0,0.0752,4,0.475,153.848
8,6moU77g9RQyMzHNuKEaQKq,40,0.374,0.732,212607,0.463,0.000000,11,0.194,-6.972,0,0.0287,4,0.397,95.971
8,322tcqPhma7F6hfCeLisx0,41,0.482,0.806,198973,0.558,0.000000,9,0.0618,-6.46,1,0.0683,4,0.678,95.016
8,2dgFqt3w9xIQRjhPtwNk3D,42,0.454,0.712,198533,0.732,0.000000,4,0.319,-6.754,1,0.0629,4,0.313,94.071
8,1nocRtwyNPVtGcIJqfgdzZ,43,0.273,0.731,178613,0.832,0.000000,9,0.0665,-2.592,1,0.0503,4,0.94,146.013
8,6oJ6le65B3SEqPwMRNXWjY,44,0.0154,0.693,228267,0.678,0.000006,8,0.101,-7.159,1,0.0324,4,0.404,103.952
8,25ZAibhr3bdlMCLmubZDVt,45,0.0275,0.639,222347,0.791,0.000000,10,0.362,-4.443,0,0.253,4,0.939,92.603
8,3s4mrPrEFFPF0LmAfutW0n,46,0.0249,0.784,200187,0.517,0.000001,4,0.155,-8.981,0,0.209,4,0.206,97.991
8,7KbF6AdprOXEEHlsq11Z6d,47,0.217,0.777,175733,0.712,0.000000,10,0.091,-4.84,1,0.277,4,0.68,95.692
8,44ADyYoY5liaRa3EOAl4uf,48,0.17,0.53,233654,0.538,0.000003,5,0.248,-6.672,1,0.0335,4,0.288,148.051
8,6ocbgoVGwYJhOv1GgI9NsF,49,0.592,0.778,178627,0.317,0.000000,1,0.0881,-10.732,0,0.334,4,0.327,140.048
8,1SymEzIT3H8UZfibCs3TYi,50,0.13,0.756,223293,0.449,0.000000,9,0.114,-8.746,1,0.0344,4,0.399,111.011
9,6v3KW9xbzN5yKLt9YKDYA2,1,0.0392,0.759,190800,0.548,0.000000,9,0.0828,-6.049,0,0.029,4,0.749,116.967
9,21jGcNKet2qwijlDFuPiPb,2,0.192,0.695,215280,0.762,0.002440,0,0.0863,-3.497,1,0.0395,4,0.553,120.042
9,1rgnBhdG2JDFTbYkYRZAku,3,0.688,0.825,209755,0.593,0.000161,6,0.17,-6.401,0,0.0988,4,0.54,98.078
9,51Fjme0JiitpyXKuyQiCDo,4,0.181,0.843,160627,0.391,0.000000,2,0.137,-7.899,1,0.0845,4,0.496,129.972
9,6EOKwHETwSkZ9gW2b6ASE0,5,0.0204,0.745,131240,0.642,0.000000,7,0.0658,-6.257,0,0.287,4,0.226,179.974
9,7qEHsqek33rTcFNT9PFqLf,6,0.751,0.501,182161,0.405,0.000000,1,0.105,-5.679,1,0.0319,4,0.446,109.891
9,6vBdBCoOhKHiYDDOcorfNo,7,0.447,0.58,174960,0.653,0.000000,5,0.111,-3.818,1,0.0745,4,0.175,150.231
9,2ksOAxtIxY8yElEWw8RhgK,8,0.0846,0.786,301714,0.808,0.000289,7,0.0822,-3.702,1,0.0882,4,0.609,105.027
9,70eFcWOvlMObDhURTqT4Fv,9,0.124,0.64,197867,0.648,0.000000,5,0.0802,-8.113,0,0.187,4,0.548,92.977
9,3NkJNL3WqO1Lqc3uNDxvCN,10,0.00268,0.643,190107,0.721,0.000007,1,0.0898,-5.248,1,0.0449,4,0.317,102.914
9,05mDaV9Vb3wrzjF6OPZnhq,11,0.0545,0.617,150867,0.684,0.000000,0,0.104,-3.618,1,0.0439,4,0.295,132.113
9,6b2RcmUt1g9N9mQ3CbjX2Y,12,0.153,0.477,202205,0.682,0.000000,1,0.0763,-4.931,0,0.0925,5,0.345,110.567
9,2Fxmhks0bxGSBdJ92vM42m,13,0.328,0.701,194088,0.425,0.130000,7,0.1,-10.965,1,0.375,4,0.562,135.128
9,0hVXuCcriWRGvwMV1r5Yn9,14,0.0912,0.798,219947,0.675,0.000000,6,0.0894,-5.041,1,0.0442,4,0.842,101.956
9,0RiRZpuVRbi7oqRdSMwhQY,15,0.533,0.755,157560,0.522,0.000000,2,0.0685,-4.368,1,0.0575,4,0.925,89.96
9,6osaMSJh9NguagEDQcZaKx,16,0.278,0.694,185195,0.758,0.000001,11,0.102,-2.986,1,0.218,4,0.371,192.091
9,1000nHvUdawXuUHgBod4Wv,17,0.342,0.703,114893,0.594,0.000000,5,0.123,-6.146,0,0.0752,4,0.475,153.848
9,7CZyCXKG6d5ALeq41sLzbw,18,0.0906,0.499,229573,0.8,0.000000,1,0.147,-2.665,0,0.0502,4,0.272,139.919
9,2YpeDb67231RjR0MgVLzsG,19,0.0533,0.878,157067,0.619,0.000000,6,0.113,-5.56,1,0.102,4,0.639,136.041
9,2TH65lNHgvLxCKXM3apjxI,20,0.6,0.61,250534,0.624,0.000002,2,0.243,-4.773,1,0.309,4,0.244,176.169
9,5qmq61DAAOUaW8AUo8xKhh,21,0.11,0.715,173325,0.624,0.000000,4,0.123,-3.046,0,0.114,4,0.412,158.087
9,7BlBVFwvbWvcwNcUarQmjk,22,0.462,0.78,201040,0.759,0.000868,1,0.143,-3.292,1,0.225,4,0.579,91.952
9,0fea68AdmYNygeTGI4RC18,23,0.152,0.754,242573,0.646,0.000019,7,0.108,-5.795,1,0.317,4,0.429,176.089
9,7LzouaWGFCy4tkXDOOnEyM,24,0.0169,0.74,207039,0.498,0.002820,11,0.319,-6.684,0,0.0456,4,0.652,98.016
9,0Xek5rqai2jcOWCYWJfVCF,25,0.0588,0.542,196760,0.674,0.000000,6,0.0955,-4.169,1,0.21,4,0.667,76.388
9,7sWRlDoTDX8geTR8zzr2vt,26,0.331,0.405,156267,0.646,0.000000,4,0.103,-3.206,0,0.0476,4,0.17,130.218
9,1nocRtwyNPVtGcIJqfgdzZ,27,0.273,0.731,178613,0.832,0.000000,9,0.0665,-2.592,1,0.0503,4,0.94,146.013
9,4R8BJggjosTswLxtkw8V7P,28,0.145,0.806,309120,0.786,0.000000,10,0.0935,-3.831,0,0.0741,4,0.58,91.973
9,2b8fOow8UzyDFAE27YhOZM,29,0.837,0.764,189486,0.32,0.000000,11,0.0822,-7.209,1,0.0546,4,0.575,91.019
9,0Ryd8975WihbObpp5cPW1t,30,0.119,0.4,186107,0.795,0.000000,10,0.159,-3.731,0,0.461,4,0.702,190.097
9,3jbT1Y5MoPwEIpZndDDwVq,31,0.017,0.734,270741,0.836,0.000016,10,0.179,-4.803,0,0.0735,4,0.623,80.002
9,6XHVuErjQ4XNm6nDPVCxVX,32,0.123,0.698,260640,0.454,0.000000,1,0.155,-6.756,0,0.151,4,0.137,92.932
9,7aiClxsDWFRQ0Kzk5KI5ku,33,0.128,0.778,185093,0.559,0.000000,6,0.399,-7.109,0,0.0776,1,0.678,129.989
9,5ry2OE6R2zPQFDO85XkgRb,34,0.101,0.831,205427,0.502,0.000000,10,0.122,-4.045,0,0.046,4,0.101,100.541
9,5sdQ7VUx6GOfsRoSxnK1YG,35,0.533,0.48,194534,0.749,0.000000,1,0.0997,-5.057,0,0.432,4,0.419,179.056
9,1DFD5Fotzgn6yYXkYsKiGs,36,0.0404,0.677,152913,0.744,0.000160,10,0.074,-6.806,0,0.0295,4,0.631,124.08
9,6moU77g9RQyMzHNuKEaQKq,37,0.374,0.732,212607,0.463,0.000000,11,0.194,-6.972,0,0.0287,4,0.397,95.971
9,1dGr1c8CrMLDpV6mPbImSI,38,0.492,0.359,221307,0.543,0.000016,7,0.118,-7.582,1,0.0919,4,0.453,68.534
9,4bTZeO72FwMa6wKOiqoynL,39,0.0711,0.725,287773,0.79,0.000001,0,0.0602,-2.331,1,0.197,4,0.763,175.988
9,1c0hsvHLELX6y8qymnpLKL,40,0.361,0.795,266087,0.783,0.000000,5,0.437,-4.271,1,0.0432,4,0.8,92.016
9,6oJ6le65B3SEqPwMRNXWjY,41,0.0154,0.693,228267,0.678,0.000006,8,0.101,-7.159,1,0.0324,4,0.404,103.952
9,322tcqPhma7F6hfCeLisx0,42,0.482,0.806,198973,0.558,0.000000,9,0.0618,-6.46,1,0.0683,4,0.678,95.016
9,6V9fHiv84WlVTg7CSnIVY2,43,0.231,0.667,181806,0.583,0.000045,11,0.181,-5.127,0,0.0747,4,0.187,92.043
9,6wo37KVqFJhtuxPTpLCcfe,44,0.12,0.294,209893,0.505,0.000000,3,0.0977,-8.106,1,0.042,1,0.357,85.332
9,2C6WXnmZ66tHhHlnvwePiK,45,0.19,0.614,245267,0.66,0.000000,0,0.211,-2.848,1,0.0441,4,0.452,145.01
9,3s4mrPrEFFPF0LmAfutW0n,46,0.0249,0.784,200187,0.517,0.000001,4,0.155,-8.981,0,0.209,4,0.206,97.991
9,7xQAfvXzm3AkraOtGPWIZg,47,0.136,0.829,149547,0.539,0.000002,11,0.103,-7.359,0,0.208,4,0.388,99.96
9,3Yh9lZcWyKrK9GjbhuS0hR,48,0.256,0.682,159736,0.919,0.000000,0,0.442,-3.18,0,0.0875,4,0.535,95.982
9,25ZAibhr3bdlMCLmubZDVt,49,0.0275,0.639,222347,0.791,0.000000,10,0.362,-4.443,0,0.253,4,0.939,92.603
9,4sjiIpEv617LDXaidKioOI,50,0.0388,0.932,176640,0.547,0.000000,0,0.0924,-7.787,0,0.333,4,0.695,94.998
10,1HfMVBKM75vxSfsQ5VefZ5,1,0.576,0.505,206459,0.34,0.000000,4,0.21,-9.005,1,0.0438,4,0.0916,101.993
10,1rgnBhdG2JDFTbYkYRZAku,2,0.688,0.825,209755,0.593,0.000161,6,0.17,-6.401,0,0.0988,4,0.54,98.078
10,2b8fOow8UzyDFAE27YhOZM,3,0.837,0.764,189486,0.32,0.000000,11,0.0822,-7.209,1,0.0546,4,0.575,91.019
10,2QpGZOhTCHHiKmpSO9FW4h,4,0.000248,0.529,104591,0.9,0.000012,1,0.0426,-3.503,1,0.418,4,0.434,180.291
10,21jGcNKet2qwijlDFuPiPb,5,0.192,0.695,215280,0.762,0.002440,0,0.0863,-3.497,1,0.0395,4,0.553,120.042
10,3eekarcy7kvN4yt5ZFzltW,6,0.0546,0.598,175721,0.427,0.000006,7,0.21,-8.764,0,0.0317,4,0.0605,76.469
10,6v3KW9xbzN5yKLt9YKDYA2,7,0.0392,0.759,190800,0.548,0.000000,9,0.0828,-6.049,0,0.029,4,0.749,116.967
10,7qEHsqek33rTcFNT9PFqLf,8,0.751,0.501,182161,0.405,0.000000,1,0.105,-5.679,1,0.0319,4,0.446,109.891
10,4yI3HpbSFSgFZtJP2kDe5m,9,0.114,0.563,162596,0.564,0.025400,10,0.304,-7.906,0,0.271,5,0.55,154.355
10,7aiClxsDWFRQ0Kzk5KI5ku,10,0.128,0.778,185093,0.559,0.000000,6,0.399,-7.109,0,0.0776,1,0.678,129.989
10,2wrJq5XKLnmhRXHIAf9xBa,11,0.153,0.654,167693,0.63,0.000000,10,0.111,-4.644,1,0.0259,4,0.43,89.991
10,3JWiDGQX2eTlFvKj3Yssj3,12,0.873,0.799,151873,0.291,0.000641,11,0.139,-7.353,0,0.0318,4,0.406,97.984
10,70eFcWOvlMObDhURTqT4Fv,13,0.124,0.64,197867,0.648,0.000000,5,0.0802,-8.113,0,0.187,4,0.548,92.977
10,2SasoXZyv82yYgHiVOvxQn,14,0.0671,0.41,136351,0.886,0.000000,9,0.461,-4.413,0,0.155,4,0.393,72.577
10,2plLJpUcYPFrl1sW2pMG63,15,0.0426,0.585,172227,0.62,0.002240,3,0.15,-8.09,0,0.0327,4,0.281,101.939
10,39JRmdKFka1Oe09FoOCPI4,16,0.647,0.482,164620,0.618,0.000859,9,0.32,-5.673,0,0.197,3,0.146,90.076
10,2tnVG71enUj33Ic2nFN6kZ,17,0.177,0.88,157606,0.751,0.000064,7,0.106,-4.258,0,0.0874,4,0.884,117.948
10,6b2RcmUt1g9N9mQ3CbjX2Y,18,0.153,0.477,202205,0.682,0.000000,1,0.0763,-4.931,0,0.0925,5,0.345,110.567
10,2ksOAxtIxY8yElEWw8RhgK,19,0.0846,0.786,301714,0.808,0.000289,7,0.0822,-3.702,1,0.0882,4,0.609,105.027
10,2Fxmhks0bxGSBdJ92vM42m,20,0.328,0.701,194088,0.425,0.130000,7,0.1,-10.965,1,0.375,4,0.562,135.128
10,6cy3ki60hLwimwIje7tALf,21,0.0334,0.721,221714,0.716,0.000840,10,0.237,-7.037,0,0.0657,4,0.667,104.994
10,51Fjme0JiitpyXKuyQiCDo,22,0.181,0.843,160627,0.391,0.000000,2,0.137,-7.899,1,0.0845,4,0.496,129.972
10,24bnCCysWnbNRNUT4LpHcP,23,0.312,0.894,116560,0.416,0.000000,9,0.146,-6.823,0,0.0538,4,0.463,116.96
10,6Gg1gjgKi2AK4e0qzsR7sd,24,0.0687,0.474,189323,0.631,0.000000,5,0.132,-5.884,0,0.343,4,0.425,180.051
10,0oPOuDmmkVp3h6puekhs6P,25,0.614,0.611,213878,0.459,0.000000,0,0.126,-3.926,0,0.0422,4,0.177,148.28
10,6vBdBCoOhKHiYDDOcorfNo,26,0.447,0.58,174960,0.653,0.000000,5,0.111,-3.818,1,0.0745,4,0.175,150.231
10,0hVXuCcriWRGvwMV1r5Yn9,27,0.0912,0.798,219947,0.675,0.000000,6,0.0894,-5.041,1,0.0442,4,0.842,101.956
10,7LzouaWGFCy4tkXDOOnEyM,28,0.0169,0.74,207039,0.498,0.002820,11,0.319,-6.684,0,0.0456,4,0.652,98.016
10,4vUmTMuQqjdnvlZmAH61Qk,29,0.148,0.857,204467,0.621,0.000000,9,0.0865,-6.376,0,0.0824,4,0.668,97.986
10,0RiRZpuVRbi7oqRdSMwhQY,30,0.533,0.755,157560,0.522,0.000000,2,0.0685,-4.368,1,0.0575,4,0.925,89.96
10,1WnqWQcWcuQbVzgE7ecfCY,31,0.466,0.588,112239,0.793,0.000647,7,0.913,-6.23,1,0.0794,5,0.694,76.997
10,1iQDltZqI7BXnHrFy4Qo1k,32,0.56,0.619,184280,0.459,0.000000,7,0.137,-5.782,0,0.0334,4,0.498,126.803
10,1lOe9qE0vR9zwWQAOk6CoO,33,0.0204,0.745,131240,0.642,0.000000,7,0.0658,-6.257,0,0.287,4,0.226,179.974
10,6xRWoYwfwIKnT8bQGzKbxR,34,0.34,0.656,203141,0.637,0.000000,1,0.187,-3.867,1,0.0256,4,0.267,105.037
10,454Epa1vrCGFddHXKyC1kb,35,0.57,0.505,168420,0.281,0.000254,2,0.163,-12.404,1,0.1,4,0.283,82.338
10,07Oz5StQ7GRoygNLaXs2pd,36,0.298,0.668,159011,0.892,0.000000,5,0.735,-3.001,0,0.0645,4,0.478,95.927
10,3jbT1Y5MoPwEIpZndDDwVq,37,0.017,0.734,270741,0.836,0.000016,10,0.179,-4.803,0,0.0735,4,0.623,80.002
10,1000nHvUdawXuUHgBod4Wv,38,0.342,0.703,114893,0.594,0.000000,5,0.123,-6.146,0,0.0752,4,0.475,153.848
10,0fea68AdmYNygeTGI4RC18,39,0.152,0.754,242573,0.646,0.000019,7,0.108,-5.795,1,0.317,4,0.429,176.089
10,2TH65lNHgvLxCKXM3apjxI,40,0.6,0.61,250534,0.624,0.000002,2,0.243,-4.773,1,0.309,4,0.244,176.169
10,4R8BJggjosTswLxtkw8V7P,41,0.145,0.806,309120,0.786,0.000000,10,0.0935,-3.831,0,0.0741,4,0.58,91.973
10,6V9fHiv84WlVTg7CSnIVY2,42,0.231,0.667,181806,0.583,0.000045,11,0.181,-5.127,0,0.0747,4,0.187,92.043
10,7r6aR2f57resC5r93LwMfK,43,0.558,0.514,203174,0.393,0.000000,1,0.282,-8.72,0,0.529,4,0.598,78.039
10,7CZyCXKG6d5ALeq41sLzbw,44,0.0906,0.499,229573,0.8,0.000000,1,0.147,-2.665,0,0.0502,4,0.272,139.919
10,6moU77g9RQyMzHNuKEaQKq,45,0.374,0.732,212607,0.463,0.000000,11,0.194,-6.972,0,0.0287,4,0.397,95.971
10,2YpeDb67231RjR0MgVLzsG,46,0.0533,0.878,157067,0.619,0.000000,6,0.113,-5.56,1,0.102,4,0.639,136.041
10,6osaMSJh9NguagEDQcZaKx,47,0.278,0.694,185195,0.758,0.000001,11,0.102,-2.986,1,0.218,4,0.371,192.091
10,5qmq61DAAOUaW8AUo8xKhh,48,0.11,0.715,173325,0.624,0.000000,4,0.123,-3.046,0,0.114,4,0.412,158.087
10,6mAN61JH0dzyZpWslS11jy,49,0.143,0.879,199711,0.703,0.000000,1,0.0569,-4.219,1,0.0701,4,0.788,94.004
10,0Z26mbSHJ1dkUu7g9DDgif,50,0.128,0.57,171987,0.585,0.000105,8,0.111,-7.041,1,0.251,4,0.378,97.285
11,1rgnBhdG2JDFTbYkYRZAku,1,0.688,0.825,209755,0.593,0.000161,6,0.17,-6.401,0,0.0988,4,0.54,98.078
11,696DnlkuDOXcMAnKlTgXXK,2,0.0522,0.621,163636,0.601,0.000000,6,0.46,-5.616,0,0.148,5,0.457,116.735
11,3ZCTVFBt2Brf31RLEnCkWJ,3,0.902,0.704,245426,0.225,0.657000,6,0.106,-14.454,0,0.0994,4,0.243,120.006
11,2b8fOow8UzyDFAE27YhOZM,4,0.837,0.764,189486,0.32,0.000000,11,0.0822,-7.209,1,0.0546,4,0.575,91.019
11,21jGcNKet2qwijlDFuPiPb,5,0.192,0.695,215280,0.762,0.002440,0,0.0863,-3.497,1,0.0395,4,0.553,120.042
11,6WrI0LAC5M1Rw2MnX2ZvEg,6,0.0125,0.794,183290,0.793,0.000000,11,0.0952,-4.521,0,0.0842,4,0.677,123.941
11,1HfMVBKM75vxSfsQ5VefZ5,7,0.576,0.505,206459,0.34,0.000000,4,0.21,-9.005,1,0.0438,4,0.0916,101.993
11,7qEHsqek33rTcFNT9PFqLf,8,0.751,0.501,182161,0.405,0.000000,1,0.105,-5.679,1,0.0319,4,0.446,109.891
11,6cy3ki60hLwimwIje7tALf,9,0.0334,0.721,221714,0.716,0.000840,10,0.237,-7.037,0,0.0657,4,0.667,104.994
11,5DxXgozhkPLgrbKFY91w0c,10,0.0363,0.886,192024,0.672,0.000009,1,0.101,-4.394,1,0.188,4,0.526,91.976
11,6v3KW9xbzN5yKLt9YKDYA2,11,0.0392,0.759,190800,0.548,0.000000,9,0.0828,-6.049,0,0.029,4,0.749,116.967
11,3eekarcy7kvN4yt5ZFzltW,12,0.0546,0.598,175721,0.427,0.000006,7,0.21,-8.764,0,0.0317,4,0.0605,76.469
11,7aiClxsDWFRQ0Kzk5KI5ku,13,0.128,0.778,185093,0.559,0.000000,6,0.399,-7.109,0,0.0776,1,0.678,129.989
11,7k4t7uLgtOxPwTpFmtJNTY,14,0.295,0.803,200960,0.715,0.000134,2,0.0574,-3.28,1,0.298,4,0.574,101.085
11,4TnjEaWOeW0eKTKIEvJyCa,15,0.123,0.784,159382,0.43,0.000000,10,0.0887,-8.756,0,0.0364,4,0.236,127.087
11,2tnVG71enUj33Ic2nFN6kZ,16,0.177,0.88,157606,0.751,0.000064,7,0.106,-4.258,0,0.0874,4,0.884,117.948
11,2Fxmhks0bxGSBdJ92vM42m,17,0.328,0.701,194088,0.425,0.130000,7,0.1,-10.965,1,0.375,4,0.562,135.128
11,1e9oZCCiX42nJl0AcqriVo,18,0.122,0.548,174000,0.816,0.000000,0,0.335,-4.209,1,0.0465,4,0.557,95.39
11,2gMXnyrvIjhVBUZwvLZDMP,19,0.604,0.459,215107,0.575,0.000000,3,0.0885,-4.858,1,0.0573,4,0.183,111.881
11,5aJEh9Oqdz7PRLKTpH25pB,20,0.0392,0.575,172213,0.621,0.004500,10,0.141,-8.165,0,0.032,4,0.27,101.987
11,70eFcWOvlMObDhURTqT4Fv,21,0.124,0.64,197867,0.648,0.000000,5,0.0802,-8.113,0,0.187,4,0.548,92.977
11,2ksOAxtIxY8yElEWw8RhgK,22,0.0846,0.786,301714,0.808,0.000289,7,0.0822,-3.702,1,0.0882,4,0.609,105.027
11,2wrJq5XKLnmhRXHIAf9xBa,23,0.153,0.654,167693,0.63,0.000000,10,0.111,-4.644,1,0.0259,4,0.43,89.991
11,6b2RcmUt1g9N9mQ3CbjX2Y,24,0.153,0.477,202205,0.682,0.000000,1,0.0763,-4.931,0,0.0925,5,0.345,110.567
11,0bYg9bo50gSsH3LtXe2SQn,25,0.164,0.335,241107,0.625,0.000000,7,0.0708,-7.462,1,0.0386,4,0.346,150.277
11,4vUmTMuQqjdnvlZmAH61Qk,26,0.148,0.857,204467,0.621,0.000000,9,0.0865,-6.376,0,0.0824,4,0.668,97.986
11,1iQDltZqI7BXnHrFy4Qo1k,27,0.56,0.619,184280,0.459,0.000000,7,0.137,-5.782,0,0.0334,4,0.498,126.803
11,6mAN61JH0dzyZpWslS11jy,28,0.143,0.879,199711,0.703,0.000000,1,0.0569,-4.219,1,0.0701,4,0.788,94.004
11,57vxBYXtHMk6H1aD29V7PU,29,0.00632,0.531,200080,0.75,0.000076,10,0.117,-5.831,0,0.111,4,0.198,169.954
11,0hVXuCcriWRGvwMV1r5Yn9,30,0.0912,0.798,219947,0.675,0.000000,6,0.0894,-5.041,1,0.0442,4,0.842,101.956
11,0RiRZpuVRbi7oqRdSMwhQY,31,0.533,0.755,157560,0.522,0.000000,2,0.0685,-4.368,1,0.0575,4,0.925,89.96
11,51Fjme0JiitpyXKuyQiCDo,32,0.181,0.843,160627,0.391,0.000000,2,0.137,-7.899,1,0.0845,4,0.496,129.972
11,6RyaV7owmVU6fzEPE17sF1,33,0.0478,0.658,210520,0.901,0.000000,7,0.12,-2.814,1,0.0357,4,0.708,93.979
11,0fea68AdmYNygeTGI4RC18,34,0.152,0.754,242573,0.646,0.000019,7,0.108,-5.795,1,0.317,4,0.429,176.089
11,6Gg1gjgKi2AK4e0qzsR7sd,35,0.0687,0.474,189323,0.631,0.000000,5,0.132,-5.884,0,0.343,4,0.425,180.051
11,07s9NNOT0sZQp7TyolLLgu,36,0.00838,0.817,216707,0.781,0.000005,7,0.123,-4.178,0,0.112,4,0.359,104
11,7LzouaWGFCy4tkXDOOnEyM,37,0.0169,0.74,207039,0.498,0.002820,11,0.319,-6.684,0,0.0456,4,0.652,98.016
11,7CHi4DtfK4heMlQaudCuHK,38,0.129,0.598,168387,0.526,0.000000,10,0.14,-8.659,0,0.0415,4,0.529,123.935
11,6vBdBCoOhKHiYDDOcorfNo,39,0.447,0.58,174960,0.653,0.000000,5,0.111,-3.818,1,0.0745,4,0.175,150.231
11,2TH65lNHgvLxCKXM3apjxI,40,0.6,0.61,250534,0.624,0.000002,2,0.243,-4.773,1,0.309,4,0.244,176.169
11,3jbT1Y5MoPwEIpZndDDwVq,41,0.017,0.734,270741,0.836,0.000016,10,0.179,-4.803,0,0.0735,4,0.623,80.002
11,6Ozh9Ok6h4Oi1wUSLtBseN,42,0.189,0.769,159715,0.787,0.000000,11,0.129,-3.909,1,0.367,4,0.836,126.77
11,4R8BJggjosTswLxtkw8V7P,43,0.145,0.806,309120,0.786,0.000000,10,0.0935,-3.831,0,0.0741,4,0.58,91.973
11,4yI3HpbSFSgFZtJP2kDe5m,44,0.114,0.563,162596,0.564,0.025400,10,0.304,-7.906,0,0.271,5,0.55,154.355
11,3GRSqlALWISqLeNncZMbpX,45,0.0407,0.746,232853,0.45,0.000000,7,0.172,-8.543,1,0.0872,4,0.336,95.998
11,07Oz5StQ7GRoygNLaXs2pd,46,0.298,0.668,159011,0.892,0.000000,5,0.735,-3.001,0,0.0645,4,0.478,95.927
11,1lOe9qE0vR9zwWQAOk6CoO,47,0.0204,0.745,131240,0.642,0.000000,7,0.0658,-6.257,0,0.287,4,0.226,179.974
11,2W4yABdLc4Jnds67Poi5Nl,48,0.177,0.866,223258,0.438,0.000000,7,0.0743,-8.943,1,0.0719,4,0.695,129.039
11,2pWOMNQJW3g2zmGjP0Vkb0,49,0.0549,0.817,215460,0.665,0.000000,9,0.103,-6.224,0,0.0758,4,0.662,104.957
11,5bvnqVuq7UFl0txSlHpsfS,50,0.517,0.866,197973,0.53,0.001590,0,0.0946,-6.347,0,0.0495,4,0.203,104.952
12,1rgnBhdG2JDFTbYkYRZAku,1,0.688,0.825,209755,0.593,0.000161,6,0.17,-6.401,0,0.0988,4,0.54,98.078
12,0bYg9bo50gSsH3LtXe2SQn,2,0.164,0.335,241107,0.625,0.000000,7,0.0708,-7.462,1,0.0386,4,0.346,150.277
12,2FRnf9qhLbvw8fu4IBXx78,3,0.189,0.735,262960,0.478,0.000002,2,0.355,-12.472,1,0.0293,4,0.947,107.682
12,696DnlkuDOXcMAnKlTgXXK,4,0.0522,0.621,163636,0.601,0.000000,6,0.46,-5.616,0,0.148,5,0.457,116.735
12,0lizgQ7Qw35od7CYaoMBZb,5,0.0489,0.525,204093,0.621,0.000000,7,0.294,-7.364,1,0.116,4,0.591,191.9
12,7k4t7uLgtOxPwTpFmtJNTY,6,0.295,0.803,200960,0.715,0.000134,2,0.0574,-3.28,1,0.298,4,0.574,101.085
12,0lLdorYw7lVrJydTINhWdI,7,0.908,0.339,206640,0.214,0.000007,4,0.341,-11.714,1,0.0375,3,0.363,94.775
12,4TnjEaWOeW0eKTKIEvJyCa,8,0.123,0.784,159382,0.43,0.000000,10,0.0887,-8.756,0,0.0364,4,0.236,127.087
12,2b8fOow8UzyDFAE27YhOZM,9,0.837,0.764,189486,0.32,0.000000,11,0.0822,-7.209,1,0.0546,4,0.575,91.019
12,3hBXvHLlTHvnbwrPbeoyAj,10,0.643,0.754,130973,0.424,0.000000,2,0.0652,-8.463,1,0.0363,4,0.806,119.705
12,2EjXfH91m7f8HiJN1yQg97,11,0.614,0.589,126267,0.472,0.000000,8,0.505,-8.749,1,0.0502,4,0.898,67.196
12,21jGcNKet2qwijlDFuPiPb,12,0.192,0.695,215280,0.762,0.002440,0,0.0863,-3.497,1,0.0395,4,0.553,120.042
12,6WrI0LAC5M1Rw2MnX2ZvEg,13,0.0125,0.794,183290,0.793,0.000000,11,0.0952,-4.521,0,0.0842,4,0.677,123.941
12,1IcR6RlgvDczfvoWJSSY2A,14,0.871,0.234,151000,0.526,0.000002,2,0.122,-11.656,1,0.0411,3,0.649,201.739
12,0sf12qNH5qcw8qpgymFOqD,15,0.00147,0.513,201573,0.796,0.000209,1,0.0938,-4.075,1,0.0629,4,0.345,171.017
12,3ZCTVFBt2Brf31RLEnCkWJ,16,0.902,0.704,245426,0.225,0.657000,6,0.106,-14.454,0,0.0994,4,0.243,120.006
12,3zJw3rugfpVrmBeDDnUYzy,17,0.319,0.328,213880,0.607,0.000000,2,0.765,-11.076,1,0.0315,3,0.395,146.539
12,6v3KW9xbzN5yKLt9YKDYA2,18,0.0392,0.759,190800,0.548,0.000000,9,0.0828,-6.049,0,0.029,4,0.749,116.967
12,7xapw9Oy21WpfEcib2ErSA,19,0.498,0.658,182947,0.56,0.000000,6,0.0794,-9.049,0,0.0467,4,0.854,161.994
12,6cy3ki60hLwimwIje7tALf,20,0.0334,0.721,221714,0.716,0.000840,10,0.237,-7.037,0,0.0657,4,0.667,104.994
12,7taXf5odg9xCAZERYfyOkS,21,0.534,0.485,182360,0.857,0.000000,2,0.347,-7.059,1,0.0442,4,0.963,148.749
12,0247StOpd3AkeBQzANX4Zf,22,0.164,0.599,222533,0.642,0.000033,0,0.0992,-6.936,1,0.0363,4,0.349,115.412
12,4kKdvXD0ez7jp1296JmAts,23,0.903,0.653,155453,0.259,0.000000,2,0.362,-13.336,1,0.0595,4,0.835,142.157
12,6tjituizSxwSmBB5vtgHZE,24,0.865,0.647,119787,0.465,0.000000,7,0.0882,-8.308,1,0.0428,4,0.699,151.251
12,7qEHsqek33rTcFNT9PFqLf,25,0.751,0.501,182161,0.405,0.000000,1,0.105,-5.679,1,0.0319,4,0.446,109.891
12,3jjujdWJ72nww5eGnfs2E7,26,0.0237,0.676,207133,0.771,0.000007,8,0.102,-3.675,1,0.0483,4,0.569,99.048
12,27qAMKrDdKEs8HDXcvR24R,27,0.355,0.513,241627,0.583,0.000020,9,0.18,-10.863,1,0.038,4,0.866,180.184
12,3nAp4IvdMPPWEH9uuXFFV5,28,0.0013,0.509,229640,0.812,0.000020,8,0.214,-5.438,1,0.0537,4,0.689,159.876
12,7Lbxvt42JsNSKVCaN63qhD,29,0.322,0.774,227653,0.511,0.000000,11,0.0672,-8.914,1,0.0319,4,0.771,94.736
12,2Fxmhks0bxGSBdJ92vM42m,30,0.328,0.701,194088,0.425,0.130000,7,0.1,-10.965,1,0.375,4,0.562,135.128
12,4PS1e8f2LvuTFgUs1Cn3ON,31,0.92,0.319,192160,0.21,0.000081,1,0.138,-15.231,1,0.0341,4,0.209,78.696
12,5DxXgozhkPLgrbKFY91w0c,32,0.0363,0.886,192024,0.672,0.000009,1,0.101,-4.394,1,0.188,4,0.526,91.976
12,4so0Wek9Ig1p6CRCHuINwW,33,0.673,0.317,177480,0.158,0.353000,9,0.338,-16.485,1,0.0381,3,0.247,130.503
12,3eekarcy7kvN4yt5ZFzltW,34,0.0546,0.598,175721,0.427,0.000006,7,0.21,-8.764,0,0.0317,4,0.0605,76.469
12,0nbXyq5TXYPCO7pr3N8S4I,35,0.104,0.896,196653,0.586,0.000000,10,0.79,-6.687,0,0.0559,4,0.642,116.971
12,6UelLqGlWMcVH1E5c4H7lY,36,0.122,0.548,174000,0.816,0.000000,0,0.335,-4.209,1,0.0465,4,0.557,95.39
12,1HfMVBKM75vxSfsQ5VefZ5,37,0.576,0.505,206459,0.34,0.000000,4,0.21,-9.005,1,0.0438,4,0.0916,101.993
12,7aiClxsDWFRQ0Kzk5KI5ku,38,0.128,0.778,185093,0.559,0.000000,6,0.399,-7.109,0,0.0776,1,0.678,129.989
12,285pBltuF7vW8TeWk8hdRR,39,0.349,0.511,239836,0.566,0.000000,6,0.34,-7.23,0,0.2,4,0.218,83.903
12,4rRIovg4TvxLUiUrpGI6lE,40,0.129,0.534,220160,0.905,0.000000,9,0.128,-3.315,1,0.0369,4,0.961,202.899
12,3yOlyBJuViE2YSGn3nVE1K,41,0.018,0.724,170746,0.491,0.000013,8,0.0887,-6.024,1,0.0296,4,0.383,105.046
12,2tnVG71enUj33Ic2nFN6kZ,42,0.177,0.88,157606,0.751,0.000064,7,0.106,-4.258,0,0.0874,4,0.884,117.948
12,65Q2mv3UlVi9eO70OpsmSe,43,0.579,0.683,135533,0.375,0.000000,0,0.076,-13.056,1,0.0303,4,0.888,140.467
12,1ODZGydlown4VesUP8HLJX,44,0.457,0.527,180833,0.768,0.000002,2,0.304,-7.557,1,0.0304,4,0.799,91.75
12,2uFaJJtFpPDc5Pa95XzTvg,45,0.912,0.451,117147,0.24,0.000002,1,0.175,-14.014,1,0.0351,4,0.701,134.009
12,2Ec33AVlkTTq8BHFgBTdQs,46,0.0327,0.881,198913,0.457,0.000000,7,0.231,-8.191,0,0.156,4,0.296,136.97
12,57vxBYXtHMk6H1aD29V7PU,47,0.00632,0.531,200080,0.75,0.000076,10,0.117,-5.831,0,0.111,4,0.198,169.954
12,1Qi2wh8fFgDV7tl4Sj3f2K,48,0.957,0.438,170964,0.178,0.000000,5,0.316,-9.402,1,0.0414,1,0.344,75.248
12,2ksOAxtIxY8yElEWw8RhgK,49,0.0846,0.786,301714,0.808,0.000289,7,0.0822,-3.702,1,0.0882,4,0.609,105.027
12,0jiPKUSdsJNCxMPHjMqptk,50,0.275,0.34,164959,0.805,0.000459,8,0.0988,-6.3,1,0.053,4,0.341,126.865