,Unnamed: 0,acousticness,artist_name,danceability,duration_ms,energy,Month,instrumentalness,key,liveness,loudness,mode,popularity,speechiness,streams,tempo,time_signature,track_id,track_name,valence
0,0,0.578,Ariana Grande,0.725,178640,0.321,1,0,1,0.0884,-10.744,0,1,0.323,59324475,70.142,4,14msK75pk3pA33pzPVNtBF,7 rings,0.319
1,1,0.149,J. Cole,0.837,213594,0.364,1,0,8,0.271,-11.713,1,2,0.276,33187464,123.984,4,2JvzF1RMd7lE3KmFlsyZD8,MIDDLE CHILD,0.463
2,2,0.556,Post Malone,0.76,158040,0.479,1,0,2,0.0703,-5.574,1,3,0.0466,31802899,89.911,4,3KkXRkHbMCARz0aVfEt68P,Sunflower - Spider-Man: Into the Spider-Verse,0.913
3,3,0.163,Post Malone,0.833,149520,0.539,1,2.10E-06,11,0.101,-7.399,0,4,0.178,31030529,99.947,4,6MWtB6iiXyIwun0YzU6DFP,Wow.,0.385
4,4,0.297,Halsey,0.752,201661,0.488,1,9.11E-06,6,0.0936,-7.05,1,5,0.0705,26472621,136.041,4,5p7ujcrUXASCNwRaWNHR1C,Without Me,0.533
5,5,0.28,Ariana Grande,0.724,207333,0.647,1,0,1,0.102,-5.642,1,6,0.0658,24236734,106.96,4,2rPE9A1vEgShuZxxzR2tZH,"thank u, next",0.435
6,6,0.45,Sam Smith,0.741,171030,0.52,1,1.97E-06,8,0.222,-7.513,1,7,0.0656,23144963,102.998,4,6Qs4SXO9dwPj5GKvVOv8Ki,Dancing With A Stranger (with Normani),0.347
7,7,0.323,Pedro CapÃ³,0.826,238200,0.773,1,0,11,0.143,-4.218,0,8,0.0524,23096433,126.899,4,5iwz1NiezX7WWjnCgY5TH4,Calma - Remix,0.761
8,8,0.0691,Ava Max,0.719,187436,0.704,1,0,1,0.166,-4.724,1,9,0.0476,21482255,133.002,4,25sgk305KZfyuqVBQIahim,Sweet but Psycho,0.628
9,9,0.157,DJ Snake,0.842,212500,0.801,1,4.82E-06,8,0.0642,-4.167,0,10,0.228,20046891,95.881,4,4w8niZpiMy6qz1mntFA5uM,"Taki Taki (with Selena Gomez, Ozuna & Cardi B)",0.617
10,10,0.0141,Bad Bunny,0.817,210368,0.539,1,0.000496,6,0.099,-6.349,0,11,0.0621,19080557,97.062,4,116H0KvKr2Zl4RPuVBruDO,MIA (feat. Drake),0.158
11,11,0.371,Lady Gaga,0.572,215733,0.385,1,0,7,0.231,-6.362,1,12,0.0308,18467720,95.799,4,2VxeLyX666F8uXCJ0dZF8B,Shallow,0.323
12,12,0.193,Panic! At The Disco,0.579,190947,0.904,1,0,5,0.064,-2.729,1,13,0.0618,17751164,82.014,4,1rqqCSm0Qe4I9rUvWncaom,High Hopes,0.681
13,13,0.259,Meek Mill,0.889,180522,0.496,1,0,4,0.252,-6.365,0,14,0.0905,17316775,86.003,4,2IRZnDFmlqMuOrYOLnZZyc,Going Bad (feat. Drake),0.544
14,14,0.323,Paulo Londra,0.767,258639,0.709,1,0,1,0.0676,-4.47,1,15,0.336,17307647,171.993,4,6FyRXC8tJUh863JCkyWqtk,Adan y Eva,0.72
15,15,0.191,Marshmello,0.687,214290,0.792,1,0,5,0.167,-2.749,1,16,0.0452,17225374,100.015,4,2dpaYNEQHiRxtZbfNsse99,Happier,0.671
16,16,0.602,Anuel AA,0.807,258800,0.803,1,0.00853,11,0.136,-4.156,1,17,0.126,17147855,91.987,4,5W83ErFkO3aKAIS1WMi6u0,Secreto,0.706
17,17,0.00513,Travis Scott,0.834,312820,0.73,1,0,8,0.124,-3.714,1,18,0.222,16692985,155.008,4,2xLMifQCjDGFmkHkpNLD9h,SICKO MODE,0.446
18,18,0.606,Khalid,0.551,210667,0.44,1,3.02E-05,10,0.11,-8.559,1,19,0.0985,14310195,167.923,4,5kfNriitmkNE8mUbZ7gbq8,Saturday Nights,0.341
19,19,0.0521,Kodak Black,0.861,228760,0.603,1,0,8,0.0924,-5.788,0,20,0.176,14233536,98.043,4,0FZ4Dmg8jJJAPJnvBIzD9z,ZEZE (feat. Travis Scott & Offset),0.504
20,20,0.016,Calvin Harris,0.807,229184,0.887,1,0.000503,1,0.0811,-4.311,0,21,0.0361,14154951,122.015,4,5itOtNx0WxtJmi1TQ3RuRd,Giant (with Rag'n'Bone Man),0.606
21,21,0.407,A Boogie Wit da Hoodie,0.791,179449,0.587,1,0,3,0.148,-5.075,0,22,0.0413,13829070,96.057,4,3Ol2xnObFdKV9pmRD2t9x8,Look Back at It,0.536
22,22,0.00987,Mark Ronson,0.601,217467,0.794,1,1.36E-06,7,0.388,-5.844,0,23,0.0671,13286666,114.066,4,27rdGxbavYJeBphck5MZAF,Nothing Breaks Like a Heart (feat. Miley Cyrus),0.244
23,23,0.0852,Lil Baby,0.897,145543,0.662,1,0,1,0.534,-6.903,0,24,0.292,13099161,112.511,4,78QR3Wp35dqAhFEc2qAGjE,Drip Too Hard (Lil Baby & Gunna),0.389
24,24,0.549,benny blanco,0.632,170770,0.686,1,0,6,0.2,-7.665,0,25,0.243,13040261,89.949,4,7FGq80cy8juXBCD2nrqdWU,Eastside (with Halsey & Khalid),0.329
25,25,0.979,Billie Eilish,0.498,199931,0.104,1,7.86E-05,1,0.0895,-14.08,0,26,0.0621,12670105,124.001,3,14JzyD6FlBD5z0wV5P07YI,when the party's over,0.205
26,26,0.0361,Ozuna,0.816,158400,0.754,1,0,11,0.217,-2.75,0,27,0.111,12579930,99.966,4,7uH27oIt4a6cIFCA8ZPcyG,Baila Baila Baila,0.533
27,27,0.194,Sheck Wes,0.729,183907,0.625,1,0.00986,4,0.248,-5.266,1,28,0.0315,12539927,146.034,4,1xzBco0xcoJEDXktl7Jxrr,Mo Bamba,0.261
28,28,0.0863,Gesaffelstein,0.663,202093,0.675,1,0.00133,2,0.117,-12.159,1,29,0.0359,12492860,101.004,4,7wFybC8jBH3zE139OpCtpG,Lost in the Fire,0.176
29,29,0.0969,Ellie Goulding,0.574,182623,0.758,1,0,1,0.395,-5.029,0,30,0.0621,12481517,144.111,4,5JEx7HbmvHQQswJCsoo9rA,Close To Me (with Diplo) (feat. Swae Lee),0.492
30,30,0.00579,Dua Lipa,0.588,182075,0.821,1,0.000275,5,0.208,-6.54,0,31,0.216,12007264,188.098,4,5600nq7TiBraBX2jobyJ3l,"Swan Song - From the Motion Picture ""Alita: Battle Angel""",0.509
31,31,0.331,Post Malone,0.68,231267,0.578,1,0,10,0.135,-5.804,1,32,0.04,11976581,145.038,4,7dt6x5M1jzdTEt8oCbisTK,Better Now,0.341
32,32,0.258,XXXTENTACION,0.74,166606,0.613,1,0.00372,8,0.123,-4.88,1,33,0.145,11847064,75.023,4,3ee8Jmje8o58CHK66QrVC2,SAD!,0.473
33,33,0.176,Lauv,0.599,162583,0.733,1,0,11,0.242,-7.058,1,34,0.203,11833551,102.211,4,7COXchtUOMd6uIT6HvmRaI,i'm so tired...,0.534
34,34,0.697,Dean Lewis,0.553,196373,0.586,1,0,11,0.0813,-6.319,1,35,0.0362,11574095,126.684,4,3EPXxR3ImUwfayaurPi3cm,Be Alright,0.443
35,35,0.146,Mau y Ricky,0.709,204453,0.771,1,3.29E-06,7,0.249,-4.598,1,36,0.166,11507908,174.006,4,0s5DNDV6LAKn2u2Ufa3VjQ,Desconocidos,0.709
36,36,0.288,Queen,0.392,354320,0.402,1,0,0,0.243,-9.961,0,37,0.0536,11390824,143.883,4,7tFiyTwD0nx5a1eklYtX2J,Bohemian Rhapsody - 2011 Mix,0.228
37,37,0.488,The Chainsmokers,0.773,180120,0.699,1,3.60E-06,1,0.0814,-5.982,0,38,0.0958,11347765,104.941,4,4BiiOzZCrXEzHRLYcYFiD5,Hope,0.513
38,38,0.568,Maroon 5,0.851,235545,0.541,1,0,0,0.13,-6.825,1,39,0.0505,11106398,124.959,4,7fa9MBXhVfQ8P8Df9OEbD8,Girls Like You (feat. Cardi B),0.448
39,39,0.265,Anuel AA,0.751,219357,0.665,1,0,8,0.0515,-3.083,1,40,0.124,10721135,95.239,4,2cYnZNzFRFK0H7vSNxPsUq,Ella Quiere Beber - Remix,0.698
40,40,0.349,Juice WRLD,0.511,239836,0.566,1,0,6,0.34,-7.23,0,41,0.2,10659734,83.903,4,285pBltuF7vW8TeWk8hdRR,Lucid Dreams,0.218
41,41,0.291,Daddy Yankee,0.788,207853,0.771,1,5.62E-05,4,0.172,-3.206,0,42,0.0563,10596413,99.038,4,6MJUCumnQsQEKbCy28tbCP,Adictiva,0.701
42,42,0.0765,Khalid,0.596,229320,0.552,1,0.334,0,0.104,-10.278,0,43,0.097,10549558,97.949,4,6zeeWid2sgw4lap2jV61PZ,Better,0.112
43,43,0.556,XXXTENTACION,0.921,135090,0.537,1,0.00404,9,0.102,-5.723,0,44,0.0804,10299040,128.009,4,0JP9xo3adEtGSdUEISiszL,Moonlight,0.711
44,44,0.107,Flipp Dinero,0.792,195637,0.743,1,0,7,0.183,-2.806,1,45,0.0851,10196801,150.024,4,14mHfNsSHN0FbLftyjrV9g,Leave Me Alone,0.742
45,45,0.00381,Gucci Mane,0.8,203161,0.578,1,0,4,0.367,-5.144,0,46,0.0485,10191897,143.01,4,2G1tXoGBaEMJ7FKGnkf6ud,Wake Up in the Sky,0.367
46,46,0.0302,XXXTENTACION,0.703,198903,0.723,1,2.06E-06,9,0.126,-5.45,0,47,0.0412,10026086,104.969,4,2LskIZrCeLxRvCiGP8gxlh,Arms Around You (feat. Maluma & Swae Lee),0.288
47,47,0.0395,21 Savage,0.837,288624,0.636,1,0.00125,1,0.342,-7.643,1,48,0.086,9991040,145.972,4,2t8yVaLvJ0RenpXUIAC52d,a lot,0.274
48,48,0.176,Dynoro,0.694,184560,0.77,1,1.10E-05,6,0.118,-5.335,1,49,0.149,9771676,125.905,4,0E9ZjEAyAwOXZ7wJC0PD33,In My Mind,0.163
49,49,0.437,Anuel AA,0.79,190005,0.631,1,0,8,0.158,-5.549,0,50,0.0425,9651080,94.039,4,1LiN0Z98FkR1t0m8KmLcAH,Amanece,0.889
50,0,0.592,Ariana Grande,0.778,178627,0.317,2,0,1,0.0881,-10.732,0,1,0.334,43103015,140.048,4,6ocbgoVGwYJhOv1GgI9NsF,7 rings,0.327
51,1,0.0421,Ariana Grande,0.726,190440,0.554,2,0,5,0.106,-5.29,0,2,0.0917,33580067,169.999,4,4kV4N9D1iKVxx1KLvtTpjS,"break up with your girlfriend, i'm bored",0.335
52,2,0.371,Lady Gaga,0.572,215733,0.385,2,0,7,0.231,-6.362,1,3,0.0308,31189177,95.799,4,2VxeLyX666F8uXCJ0dZF8B,Shallow,0.323
53,3,0.11,Daddy Yankee,0.737,193227,0.86,2,1.94E-06,8,0.0574,-2.652,0,4,0.0593,28130862,93.989,4,5w9c2J52mkdntKOmRLeM2m,Con Calma,0.656
54,4,0.163,Post Malone,0.833,149520,0.539,2,2.10E-06,11,0.101,-7.399,0,5,0.178,25833463,99.947,4,6MWtB6iiXyIwun0YzU6DFP,Wow.,0.385
55,5,0.552,Post Malone,0.761,158040,0.479,2,0,2,0.0704,-5.574,1,6,0.0466,24843852,89.913,4,7dbka99KTWke5o9hRp0JoB,Sunflower - Spider-Man: Into the Spider-Verse,0.912
56,6,0.74,Billie Eilish,0.905,193143,0.389,2,0.162,8,0.106,-14.505,1,7,0.332,21867069,120.046,4,4NzMOnvSJVNKF7nw5NkXIP,bury a friend,0.196
57,7,0.229,Ariana Grande,0.717,207320,0.653,2,0,1,0.101,-5.634,1,8,0.0658,21552414,106.966,4,3e9HZxeyfWwjeyPAMmWSSQ,"thank u, next",0.412
58,8,0.191,Marshmello,0.687,214290,0.792,2,0,5,0.167,-2.749,1,9,0.0452,20863476,100.015,4,2dpaYNEQHiRxtZbfNsse99,Happier,0.671
59,9,0.45,Sam Smith,0.741,171030,0.52,2,1.97E-06,8,0.222,-7.513,1,10,0.0656,20808176,102.998,4,6Qs4SXO9dwPj5GKvVOv8Ki,Dancing With A Stranger (with Normani),0.347
60,10,0.297,Halsey,0.752,201661,0.488,2,9.11E-06,6,0.0936,-7.05,1,11,0.0705,20081601,136.041,4,5p7ujcrUXASCNwRaWNHR1C,Without Me,0.533
61,11,0.323,Pedro CapÃ³,0.826,238200,0.773,2,0,11,0.143,-4.218,0,12,0.0524,20006012,126.899,4,5iwz1NiezX7WWjnCgY5TH4,Calma - Remix,0.761
62,12,0.0691,Ava Max,0.719,187436,0.704,2,0,1,0.166,-4.724,1,13,0.0476,19780582,133.002,4,25sgk305KZfyuqVBQIahim,Sweet but Psycho,0.628
63,13,0.149,J. Cole,0.837,213594,0.364,2,0,8,0.271,-11.713,1,14,0.276,19453080,123.984,4,2JvzF1RMd7lE3KmFlsyZD8,MIDDLE CHILD,0.463
64,14,0.602,Anuel AA,0.807,258800,0.803,2,0.00853,11,0.136,-4.156,1,15,0.126,19256497,91.987,4,5W83ErFkO3aKAIS1WMi6u0,Secreto,0.706
65,15,0.0361,Ozuna,0.816,158400,0.754,2,0,11,0.217,-2.75,0,16,0.111,16997583,99.966,4,7uH27oIt4a6cIFCA8ZPcyG,Baila Baila Baila,0.533
66,16,0.0501,Khalid,0.9,197487,0.4,2,0,0,0.0876,-8.443,1,17,0.124,16261230,136.001,4,0rTV5WefWd1J3OwIheTzxM,Talk,0.338
67,17,0.157,DJ Snake,0.842,212500,0.801,2,4.82E-06,8,0.0642,-4.167,0,18,0.228,15919714,95.881,4,4w8niZpiMy6qz1mntFA5uM,"Taki Taki (with Selena Gomez, Ozuna & Cardi B)",0.617
68,18,0.176,Lauv,0.599,162583,0.733,2,0,11,0.242,-7.058,1,19,0.203,15570596,102.211,4,7COXchtUOMd6uIT6HvmRaI,i'm so tired...,0.534
69,19,0.342,Juice WRLD,0.708,240527,0.691,2,0,2,0.222,-5.179,1,20,0.0442,15513136,79.99,4,44ShclXTOOnYtt5CnCDeGV,Robbery,0.535
70,20,0.259,Meek Mill,0.889,180522,0.496,2,0,4,0.252,-6.365,0,21,0.0905,15421127,86.003,4,2IRZnDFmlqMuOrYOLnZZyc,Going Bad (feat. Drake),0.544
71,21,0.0141,Bad Bunny,0.817,210368,0.539,2,0.000496,6,0.099,-6.349,0,22,0.0621,14885880,97.062,4,116H0KvKr2Zl4RPuVBruDO,MIA (feat. Drake),0.158
72,22,0.145,YNW Melly,0.759,268434,0.73,2,3.06E-06,0,0.11,-7.985,0,23,0.0516,14724717,115.007,4,7eBqSVxrzQZtK2mmgRG6lC,Murder On My Mind,0.74
73,23,0.016,Calvin Harris,0.807,229184,0.887,2,0.000503,1,0.0811,-4.311,0,24,0.0361,14484636,122.015,4,5itOtNx0WxtJmi1TQ3RuRd,Giant (with Rag'n'Bone Man),0.606
74,24,0.193,Panic! At The Disco,0.579,190947,0.904,2,0,5,0.064,-2.729,1,25,0.0618,14145185,82.014,4,1rqqCSm0Qe4I9rUvWncaom,High Hopes,0.681
75,25,0.323,Paulo Londra,0.767,258639,0.709,2,0,1,0.0676,-4.47,1,26,0.336,13440041,171.993,4,6FyRXC8tJUh863JCkyWqtk,Adan y Eva,0.72
76,26,0.00513,Travis Scott,0.834,312820,0.73,2,0,8,0.124,-3.714,1,27,0.222,13224421,155.008,4,2xLMifQCjDGFmkHkpNLD9h,SICKO MODE,0.446
77,27,0.0395,21 Savage,0.837,288624,0.636,2,0.00125,1,0.342,-7.643,1,28,0.086,13104394,145.972,4,2t8yVaLvJ0RenpXUIAC52d,a lot,0.274
78,28,0.18,Blueface,0.906,129264,0.382,2,0,10,0.113,-12.89,0,29,0.269,13050694,104.025,4,3oh6SCCeLuXhFpEyepla6G,Thotiana,0.391
79,29,0.296,Mabel,0.674,178480,0.881,2,3.01E-06,9,0.0793,-2.853,1,30,0.147,12959849,98.994,4,5WHTFyqSii0lmT9R21abT8,Don't Call Me Up,0.234
80,30,0.288,Queen,0.392,354320,0.402,2,0,0,0.243,-9.961,0,31,0.0536,12782523,143.883,4,7tFiyTwD0nx5a1eklYtX2J,Bohemian Rhapsody - 2011 Mix,0.228
81,31,0.0642,Cardi B,0.747,200890,0.57,2,0,1,0.0832,-6.711,1,32,0.081,12157526,133.992,4,0PG9fbaaHFHfre2gUVo7AN,Please Me,0.65
82,32,0.00791,The Chainsmokers,0.51,226747,0.835,2,0,3,0.219,-4.673,1,33,0.0447,12154894,140.024,4,11cDEev79fPKi6uJCjUhu8,Who Do You Love,0.435
83,33,0.549,benny blanco,0.632,170770,0.686,2,0,6,0.2,-7.665,0,34,0.243,12145207,89.949,4,7FGq80cy8juXBCD2nrqdWU,Eastside (with Halsey & Khalid),0.329
84,34,0.407,A Boogie Wit da Hoodie,0.791,179449,0.587,2,0,3,0.148,-5.075,0,35,0.0413,11939155,96.057,4,3Ol2xnObFdKV9pmRD2t9x8,Look Back at It,0.536
85,35,0.146,Mau y Ricky,0.709,204453,0.771,2,3.29E-06,7,0.249,-4.598,1,36,0.166,11404823,174.006,4,0s5DNDV6LAKn2u2Ufa3VjQ,Desconocidos,0.709
86,36,0.0276,Ariana Grande,0.847,267107,0.58,2,0.0548,1,0.1,-5.316,1,37,0.0723,11188077,137.995,4,7EQpvVujgytLVY8vKiDHAg,bad idea,0.575
87,37,0.172,Mustard,0.68,194520,0.559,2,0,0,0.318,-5.545,1,38,0.129,11041777,202.006,4,63cd4JkwGgYJrbOizbfmsp,Pure Water (with Migos),0.137
88,38,0.331,Post Malone,0.68,231267,0.578,2,0,10,0.135,-5.804,1,39,0.04,10917117,145.038,4,7dt6x5M1jzdTEt8oCbisTK,Better Now,0.341
89,39,0.0521,Kodak Black,0.861,228760,0.603,2,0,8,0.0924,-5.788,0,40,0.176,10889059,98.043,4,0FZ4Dmg8jJJAPJnvBIzD9z,ZEZE (feat. Travis Scott & Offset),0.504
90,40,0.78,Ariana Grande,0.647,171573,0.309,2,7.41E-06,7,0.202,-7.948,0,41,0.0366,10838585,87.045,4,1TEL6MlSSVLSdhOSddidlJ,needy,0.195
91,41,0.447,Ariana Grande,0.737,182000,0.461,2,0,6,0.268,-6.887,1,42,0.293,10790342,75.005,4,4SPu0Ql902hTVXkBoNIYtq,NASA,0.481
92,42,0.568,Maroon 5,0.851,235545,0.541,2,0,0,0.13,-6.825,1,43,0.0505,10487513,124.959,4,7fa9MBXhVfQ8P8Df9OEbD8,Girls Like You (feat. Cardi B),0.448
93,43,0.0852,Lil Baby,0.897,145543,0.662,2,0,1,0.534,-6.903,0,44,0.292,10408134,112.511,4,78QR3Wp35dqAhFEc2qAGjE,Drip Too Hard (Lil Baby & Gunna),0.389
94,44,0.74,Alec Benjamin,0.652,169354,0.557,2,0,1,0.124,-5.714,0,45,0.0318,10340218,150.073,4,2qxmye6gAegTMjLKEBoR3d,Let Me Down Slowly,0.483
95,45,0.697,Dean Lewis,0.553,196373,0.586,2,0,11,0.0813,-6.319,1,46,0.0362,10278781,126.684,4,3EPXxR3ImUwfayaurPi3cm,Be Alright,0.443
96,46,0.0815,Ariana Grande,0.758,216893,0.665,2,0.000157,2,0.216,-5.188,0,47,0.0774,10251085,151.976,4,2hloaUoRonYssMuqLCBLTX,bloodline,0.643
97,47,0.367,Kehlani,0.61,201788,0.725,2,0,8,0.154,-5.131,1,48,0.15,10224387,146.163,4,6ZRuF2n1CQxyxxAAWsKJOy,Nights Like This (feat. Ty Dolla $ign),0.291
98,48,0.265,Anuel AA,0.751,219357,0.665,2,0,8,0.0515,-3.083,1,49,0.124,10160456,95.239,4,2cYnZNzFRFK0H7vSNxPsUq,Ella Quiere Beber - Remix,0.698
99,49,0.0153,A Boogie Wit da Hoodie,0.581,189487,0.662,2,0,9,0.111,-5.239,1,50,0.303,10025270,93.023,4,1wJRveJZLSb1rjhnUHQiv6,Swervin (feat. 6ix9ine),0.434
100,0,0.592,Ariana Grande,0.778,178627,0.317,3,0,1,0.0881,-10.732,0,1,0.334,31265664,140.048,4,6ocbgoVGwYJhOv1GgI9NsF,7 rings,0.327
101,1,0.11,Daddy Yankee,0.737,193227,0.86,3,1.94E-06,8,0.0574,-2.652,0,2,0.0593,31111446,93.989,4,5w9c2J52mkdntKOmRLeM2m,Con Calma,0.656
102,2,0.0427,Jonas Brothers,0.842,181040,0.734,3,0,1,0.106,-5.065,0,3,0.0588,26364572,137.958,4,4y3OI86AEP6PQoDE6olYhO,Sucker,0.952
103,3,0.556,Post Malone,0.76,158040,0.479,3,0,2,0.0703,-5.574,1,4,0.0466,24346526,89.911,4,3KkXRkHbMCARz0aVfEt68P,Sunflower - Spider-Man: Into the Spider-Verse,0.913
104,4,0.163,Post Malone,0.833,149520,0.539,3,2.10E-06,11,0.101,-7.399,0,5,0.178,23068875,99.947,4,6MWtB6iiXyIwun0YzU6DFP,Wow.,0.385
105,5,0.371,Lady Gaga,0.572,215733,0.385,3,0,7,0.231,-6.362,1,6,0.0308,22925480,95.799,4,2VxeLyX666F8uXCJ0dZF8B,Shallow,0.323
106,6,0.0421,Ariana Grande,0.726,190440,0.554,3,0,5,0.106,-5.29,0,7,0.0917,21350116,169.999,4,4kV4N9D1iKVxx1KLvtTpjS,"break up with your girlfriend, i'm bored",0.335
107,7,0.45,Sam Smith,0.741,171030,0.52,3,1.97E-06,8,0.222,-7.513,1,8,0.0656,18422872,102.998,4,6Qs4SXO9dwPj5GKvVOv8Ki,Dancing With A Stranger (with Normani),0.347
108,8,0.0691,Ava Max,0.719,187436,0.704,3,0,1,0.166,-4.724,1,9,0.0476,17465853,133.002,4,25sgk305KZfyuqVBQIahim,Sweet but Psycho,0.628
109,9,0.323,Pedro CapÃ³,0.826,238200,0.773,3,0,11,0.143,-4.218,0,10,0.0524,17353582,126.899,4,5iwz1NiezX7WWjnCgY5TH4,Calma - Remix,0.761
110,10,0.296,Mabel,0.674,178480,0.881,3,3.01E-06,9,0.0793,-2.853,1,11,0.147,16640130,98.994,4,5WHTFyqSii0lmT9R21abT8,Don't Call Me Up,0.234
111,11,0.0361,Ozuna,0.816,158400,0.754,3,0,11,0.217,-2.75,0,12,0.111,16532007,99.966,4,7uH27oIt4a6cIFCA8ZPcyG,Baila Baila Baila,0.533
112,12,0.191,Marshmello,0.687,214290,0.792,3,0,5,0.167,-2.749,1,13,0.0452,16505528,100.015,4,2dpaYNEQHiRxtZbfNsse99,Happier,0.671
113,13,0.602,Anuel AA,0.807,258800,0.803,3,0.00853,11,0.136,-4.156,1,14,0.126,16353288,91.987,4,5W83ErFkO3aKAIS1WMi6u0,Secreto,0.706
114,14,0.149,J. Cole,0.837,213594,0.364,3,0,8,0.271,-11.713,1,15,0.276,16334075,123.984,4,2JvzF1RMd7lE3KmFlsyZD8,MIDDLE CHILD,0.463
115,15,0.0623,Marshmello,0.791,156347,0.565,3,0,5,0.156,-3.933,0,16,0.0439,16095016,99.961,4,5icOoE6VgqFKohjWWNp0Ac,Here With Me,0.181
116,16,0.0361,Lil Nas X,0.908,113013,0.517,3,1.73E-06,1,0.0949,-6.063,1,17,0.129,15628371,136.019,4,53CJANUxooaqGOtdsBTh7O,Old Town Road,0.471
117,17,0.176,Lauv,0.599,162583,0.733,3,0,11,0.242,-7.058,1,18,0.203,15541091,102.211,4,7COXchtUOMd6uIT6HvmRaI,i'm so tired...,0.534
118,18,0.297,Halsey,0.752,201661,0.488,3,9.11E-06,6,0.0936,-7.05,1,19,0.0705,15529065,136.041,4,5p7ujcrUXASCNwRaWNHR1C,Without Me,0.533
119,19,0.229,Ariana Grande,0.717,207320,0.653,3,0,1,0.101,-5.634,1,20,0.0658,15385942,106.966,4,3e9HZxeyfWwjeyPAMmWSSQ,"thank u, next",0.412
120,20,0.74,Billie Eilish,0.905,193143,0.389,3,0.162,8,0.106,-14.505,1,21,0.332,15334877,120.046,4,4NzMOnvSJVNKF7nw5NkXIP,bury a friend,0.196
121,21,0.404,benny blanco,0.541,158027,0.468,3,3.65E-06,10,0.358,-4.039,0,22,0.362,14815511,95.266,4,1WSGTYKLEpKfNQYYW5Oymt,"I Canâ€™t Get Enough (benny blanco, Selena Gomez, J Balvin, Tainy)",0.69
122,22,0.0501,Khalid,0.9,197487,0.4,3,0,0,0.0876,-8.443,1,23,0.124,14708599,136.001,4,0rTV5WefWd1J3OwIheTzxM,Talk,0.338
123,23,0.252,Maluma,0.837,184436,0.791,3,1.14E-06,4,0.188,-3.157,0,24,0.0773,14343668,91.98,4,31UjYv5vLsDkzchJOtUMtW,HP,0.618
124,24,0.145,YNW Melly,0.759,268434,0.73,3,3.06E-06,0,0.11,-7.985,0,25,0.0516,14026867,115.007,4,7eBqSVxrzQZtK2mmgRG6lC,Murder On My Mind,0.74
125,25,0.016,Calvin Harris,0.807,229184,0.887,3,0.000503,1,0.0811,-4.311,0,26,0.0361,13951975,122.015,4,5itOtNx0WxtJmi1TQ3RuRd,Giant (with Rag'n'Bone Man),0.606
126,26,0.753,Dalex,0.688,360960,0.62,3,5.27E-06,11,0.158,-8.029,0,27,0.22,13534166,170.018,4,224EVTFiLsdQignUFLvDeH,Pa MÃ­ - Remix,0.727
127,27,0.259,Meek Mill,0.889,180522,0.496,3,0,4,0.252,-6.365,0,28,0.0905,13176484,86.003,4,2IRZnDFmlqMuOrYOLnZZyc,Going Bad (feat. Drake),0.544
128,28,0.0153,A Boogie Wit da Hoodie,0.581,189487,0.662,3,0,9,0.111,-5.239,1,29,0.303,13034803,93.023,4,1wJRveJZLSb1rjhnUHQiv6,Swervin (feat. 6ix9ine),0.434
129,29,0.39,Billie Eilish,0.853,221543,0.351,3,9.38E-06,7,0.752,-10.198,1,30,0.241,13000917,118.028,4,4txc3txsIt81diMzGhrVPS,wish you were gay,0.282
130,30,0.193,Panic! At The Disco,0.579,190947,0.904,3,0,5,0.064,-2.729,1,31,0.0618,12523958,82.014,4,1rqqCSm0Qe4I9rUvWncaom,High Hopes,0.681
131,31,0.157,DJ Snake,0.842,212500,0.801,3,4.82E-06,8,0.0642,-4.167,0,32,0.228,12383076,95.881,4,4w8niZpiMy6qz1mntFA5uM,"Taki Taki (with Selena Gomez, Ozuna & Cardi B)",0.617
132,32,0.74,Alec Benjamin,0.652,169354,0.557,3,0,1,0.124,-5.714,0,33,0.0318,12371727,150.073,4,2qxmye6gAegTMjLKEBoR3d,Let Me Down Slowly,0.483
133,33,0.293,PNL,0.777,247161,0.698,3,2.32E-05,6,0.0908,-7.706,0,34,0.0704,12211145,119.963,4,6VSaNvPPagk4U5Skxp6XfV,Au DD,0.119
134,34,0.18,Sofia Reyes,0.764,187200,0.752,3,0,8,0.0701,-3.713,0,35,0.0711,11916963,100.066,4,6JqpFboOH2bq9pzaYbkKBn,R.I.P. (feat. Rita Ora & Anitta),0.698
135,35,0.0141,Bad Bunny,0.817,210368,0.539,3,0.000496,6,0.099,-6.349,0,36,0.0621,11810414,97.062,4,116H0KvKr2Zl4RPuVBruDO,MIA (feat. Drake),0.158
136,36,0.543,Khalid,0.645,166101,0.568,3,0.266,5,0.257,-9.127,0,37,0.0823,11718346,84.999,4,1DUSuNhF8P5vUGNPpQiZa5,My Bad,0.391
137,37,0.0642,Cardi B,0.747,200890,0.57,3,0,1,0.0832,-6.711,1,38,0.081,11361629,133.992,4,0PG9fbaaHFHfre2gUVo7AN,Please Me,0.65
138,38,0.271,Queen,0.414,354320,0.404,3,0,0,0.3,-9.928,0,39,0.0499,11277158,71.105,4,4u7EnebtmKWzUH433cf5Qv,Bohemian Rhapsody - 2011 Mix,0.224
139,39,0.877,Capital Bra,0.838,135597,0.549,3,0.000964,9,0.115,-7.145,0,40,0.0755,11248444,114.445,4,3r1cV21xPMkgCmxk8VqWOB,Cherry Lady,0.654
140,40,0.323,Paulo Londra,0.767,258639,0.709,3,0,1,0.0676,-4.47,1,41,0.336,11195623,171.993,4,6FyRXC8tJUh863JCkyWqtk,Adan y Eva,0.72
141,41,0.328,Juice WRLD,0.685,240051,0.692,3,0,2,0.153,-5.122,1,42,0.0457,10875119,159.966,5,6Hj9jySrnFppAI0sEMCZpJ,Robbery,0.578
142,42,0.00513,Travis Scott,0.834,312820,0.73,3,0,8,0.124,-3.714,1,43,0.222,10836261,155.008,4,2xLMifQCjDGFmkHkpNLD9h,SICKO MODE,0.446
143,43,0.172,Mustard,0.68,194520,0.559,3,0,0,0.318,-5.545,1,44,0.129,10523200,202.006,4,63cd4JkwGgYJrbOizbfmsp,Pure Water (with Migos),0.137
144,44,0.549,benny blanco,0.632,170770,0.686,3,0,6,0.2,-7.665,0,45,0.243,10424197,89.949,4,7FGq80cy8juXBCD2nrqdWU,Eastside (with Halsey & Khalid),0.329
145,45,0.146,Mau y Ricky,0.709,204453,0.771,3,3.29E-06,7,0.249,-4.598,1,46,0.166,10368876,174.006,4,0s5DNDV6LAKn2u2Ufa3VjQ,Desconocidos,0.709
146,46,0.705,Dean Lewis,0.551,196493,0.537,3,0,11,0.0802,-7.595,1,47,0.034,10293463,126.421,4,2H4gf1wLxvYreMj1jcaN0k,Be Alright,0.493
147,47,0.331,Post Malone,0.68,231267,0.578,3,0,10,0.135,-5.804,1,48,0.04,10186626,145.038,4,7dt6x5M1jzdTEt8oCbisTK,Better Now,0.341
148,48,0.751,Lewis Capaldi,0.501,182161,0.405,3,0,1,0.105,-5.679,1,49,0.0319,10130658,109.891,4,2TIlqbIneP0ZY1O0EzYLlc,Someone You Loved,0.446
149,49,0.407,A Boogie Wit da Hoodie,0.791,179449,0.587,3,0,3,0.148,-5.075,0,50,0.0413,10038117,96.057,4,3Ol2xnObFdKV9pmRD2t9x8,Look Back at It,0.536
150,0,0.328,Billie Eilish,0.701,194088,0.425,4,0.13,7,0.1,-10.965,1,1,0.375,40259374,135.128,4,2Fxmhks0bxGSBdJ92vM42m,bad guy,0.562
151,1,0.0533,Lil Nas X,0.878,157067,0.619,4,0,6,0.113,-5.56,1,2,0.102,33975090,136.041,4,6u7jPi22kF8CTQ3rb9DHE7,Old Town Road (feat. Billy Ray Cyrus) - Remix,0.639
152,2,0.0361,Lil Nas X,0.908,113013,0.517,4,1.73E-06,1,0.0949,-6.063,1,3,0.129,27568885,136.019,4,53CJANUxooaqGOtdsBTh7O,Old Town Road,0.471
153,3,0.272,Avicii,0.802,157202,0.645,4,0,5,0.119,-6.181,0,4,0.0715,23812662,100.001,4,6nDKrPlXdpomGBgAlO7UdP,SOS,0.376
154,4,0.11,Daddy Yankee,0.737,193227,0.86,4,1.94E-06,8,0.0574,-2.652,0,5,0.0593,23516741,93.989,4,5w9c2J52mkdntKOmRLeM2m,Con Calma,0.656
155,5,0.0923,BTS,0.645,229773,0.862,4,0,11,0.192,-4.757,0,6,0.0965,22447659,119.991,4,5KawlOMHjWeUjQtnuRs22c,Boy With Luv (feat. Halsey),0.798
156,6,0.592,Ariana Grande,0.778,178627,0.317,4,0,1,0.0881,-10.732,0,7,0.334,21780435,140.048,4,6ocbgoVGwYJhOv1GgI9NsF,7 rings,0.327
157,7,0.556,Post Malone,0.76,158040,0.479,4,0,2,0.0703,-5.574,1,8,0.0466,21353515,89.911,4,3KkXRkHbMCARz0aVfEt68P,Sunflower - Spider-Man: Into the Spider-Verse,0.913
158,8,0.0427,Jonas Brothers,0.842,181040,0.734,4,0,1,0.106,-5.065,0,9,0.0588,20841115,137.958,4,4y3OI86AEP6PQoDE6olYhO,Sucker,0.952
159,9,0.051,Khalid,0.901,197573,0.4,4,0,0,0.0599,-8.575,1,10,0.126,18389998,135.984,4,6TqXcAFInzjp0bODyvrWEq,Talk (feat. Disclosure),0.346
160,10,0.74,Billie Eilish,0.905,193143,0.389,4,0.162,8,0.106,-14.505,1,11,0.332,17977340,120.046,4,4SSnFejRGlZikf02HLewEF,bury a friend,0.196
161,11,0.371,Lady Gaga,0.572,215733,0.385,4,0,7,0.231,-6.362,1,12,0.0308,17132925,95.799,4,2VxeLyX666F8uXCJ0dZF8B,Shallow,0.323
162,12,0.163,Post Malone,0.833,149520,0.539,4,2.10E-06,11,0.101,-7.399,0,13,0.178,16652654,99.947,4,6MWtB6iiXyIwun0YzU6DFP,Wow.,0.385
163,13,0.296,Mabel,0.674,178480,0.881,4,3.01E-06,9,0.0793,-2.853,1,14,0.147,16424414,98.994,4,5WHTFyqSii0lmT9R21abT8,Don't Call Me Up,0.234
164,14,0.32,BLACKPINK,0.738,189052,0.861,4,0.00175,2,0.325,-4.141,1,15,0.237,15752290,131.974,4,4pUCKHjJ4Ijewc37rRrvHn,Kill This Love,0.58
165,15,0.39,Billie Eilish,0.853,221543,0.351,4,9.38E-06,7,0.752,-10.198,1,16,0.241,14565136,118.028,4,3Fj47GNK2kUF0uaEDgXLaD,wish you were gay,0.282
166,16,0.978,Billie Eilish,0.367,196077,0.111,4,3.97E-05,4,0.0897,-14.084,1,17,0.0972,14415207,82.642,4,43zdsphuZLzwA9k4DJhU0I,when the party's over,0.198
167,17,0.0623,Marshmello,0.791,156347,0.565,4,0,5,0.156,-3.933,0,18,0.0439,14251208,99.961,4,5icOoE6VgqFKohjWWNp0Ac,Here With Me,0.181
168,18,0.753,Dalex,0.688,360960,0.62,4,5.27E-06,11,0.158,-8.029,0,19,0.22,14169080,170.018,4,224EVTFiLsdQignUFLvDeH,Pa MÃ­ - Remix,0.727
169,19,0.252,Maluma,0.837,184436,0.791,4,1.14E-06,4,0.188,-3.157,0,20,0.0773,14057648,91.98,4,31UjYv5vLsDkzchJOtUMtW,HP,0.618
170,20,0.323,Pedro CapÃ³,0.826,238200,0.773,4,0,11,0.143,-4.218,0,21,0.0524,14043479,126.899,4,5iwz1NiezX7WWjnCgY5TH4,Calma - Remix,0.761
171,21,0.0691,Ava Max,0.719,187436,0.704,4,0,1,0.166,-4.724,1,22,0.0476,14027830,133.002,4,25sgk305KZfyuqVBQIahim,Sweet but Psycho,0.628
172,22,0.191,Marshmello,0.687,214290,0.792,4,0,5,0.167,-2.749,1,23,0.0452,13438804,100.015,4,2dpaYNEQHiRxtZbfNsse99,Happier,0.671
173,23,0.45,Sam Smith,0.741,171030,0.52,4,1.97E-06,8,0.222,-7.513,1,24,0.0656,12960745,102.998,4,6Qs4SXO9dwPj5GKvVOv8Ki,Dancing With A Stranger (with Normani),0.347
174,24,0.0153,A Boogie Wit da Hoodie,0.581,189487,0.662,4,0,9,0.111,-5.239,1,25,0.303,12617837,93.023,4,1wJRveJZLSb1rjhnUHQiv6,Swervin (feat. 6ix9ine),0.434
175,25,0.297,Halsey,0.752,201661,0.488,4,9.11E-06,6,0.0936,-7.05,1,26,0.0705,12419881,136.041,4,5p7ujcrUXASCNwRaWNHR1C,Without Me,0.533
176,26,0.176,Lauv,0.599,162583,0.733,4,0,11,0.242,-7.058,1,27,0.203,12411629,102.211,4,7COXchtUOMd6uIT6HvmRaI,i'm so tired...,0.534
177,27,0.74,Alec Benjamin,0.652,169354,0.557,4,0,1,0.124,-5.714,0,28,0.0318,12324368,150.073,4,2qxmye6gAegTMjLKEBoR3d,Let Me Down Slowly,0.483
178,28,0.0361,Ozuna,0.816,158400,0.754,4,0,11,0.217,-2.75,0,29,0.111,12306390,99.966,4,7uH27oIt4a6cIFCA8ZPcyG,Baila Baila Baila,0.533
179,29,0.0421,Ariana Grande,0.726,190440,0.554,4,0,5,0.106,-5.29,0,30,0.0917,12182413,169.999,4,4kV4N9D1iKVxx1KLvtTpjS,"break up with your girlfriend, i'm bored",0.335
180,30,0.00413,SZA,0.507,211267,0.644,4,0,4,0.217,-7.485,1,31,0.0641,12087846,179.913,4,35RDmXJ59YYGNlv1KfTGsP,Power is Power,0.172
181,31,0.149,J. Cole,0.837,213594,0.364,4,0,8,0.271,-11.713,1,32,0.276,12086957,123.984,4,2JvzF1RMd7lE3KmFlsyZD8,MIDDLE CHILD,0.463
182,32,0.391,DJ Luian,0.857,267500,0.647,4,1.20E-06,11,0.0842,-4.152,0,33,0.0984,11856127,95.982,4,4lzxJ4jCuFDXXGkE1LmpKR,Verte Ir,0.553
183,33,0.229,Ariana Grande,0.717,207320,0.653,4,0,1,0.101,-5.634,1,34,0.0658,11676493,106.966,4,3e9HZxeyfWwjeyPAMmWSSQ,"thank u, next",0.412
184,34,0.241,Nicky Jam,0.673,201818,0.752,4,4.51E-05,2,0.0813,-3.572,0,35,0.0561,11202091,175.997,4,6v0lAdFF4haL8xjBIUjtOw,Te RobarÃ©,0.797
185,35,0.602,Anuel AA,0.807,258800,0.803,4,0.00853,11,0.136,-4.156,1,36,0.126,11169639,91.987,4,5W83ErFkO3aKAIS1WMi6u0,Secreto,0.706
186,36,0.934,Billie Eilish,0.351,200186,0.296,4,0,4,0.095,-10.109,0,37,0.0333,11138567,115.284,4,1NJcg626wLln4pGHpiV7mf,lovely,0.12
187,37,0.0948,Lil Uzi Vert,0.729,243976,0.603,4,0,6,0.113,-6.736,0,38,0.0666,10891403,134.972,4,3XiNC94b4Tq1xwv70sQJGN,Sanguine Paradise,0.207
188,38,0.259,Meek Mill,0.889,180522,0.496,4,0,4,0.252,-6.365,0,39,0.0905,10807634,86.003,4,2IRZnDFmlqMuOrYOLnZZyc,Going Bad (feat. Drake),0.544
189,39,0.193,Panic! At The Disco,0.579,190947,0.904,4,0,5,0.064,-2.729,1,40,0.0618,10803582,82.014,4,1rqqCSm0Qe4I9rUvWncaom,High Hopes,0.681
190,40,0.0209,Alan Walker,0.509,193798,0.689,4,0,1,0.301,-4.929,0,41,0.102,10693989,170.087,4,4n7jnSxVLd8QioibtTDBDq,On My Way,0.297
191,41,0.0737,Ava Max,0.682,183027,0.656,4,0,6,0.353,-4.67,1,42,0.0435,10443282,130.089,4,0uUNN1nSoUx1A4fkDCWDQ7,So Am I,0.607
192,42,0.266,Paulo Londra,0.849,264483,0.655,4,0,8,0.0781,-2.899,1,43,0.106,10314821,161.966,4,46lvmzK8wxAy66tjzXXSh0,Tal Vez,0.76
193,43,0.39,ROSALÃA,0.882,161627,0.689,4,0.00325,6,0.0501,-4.027,1,44,0.124,10277117,97.963,4,2qG5sZ7Si6sdK74qLxedYM,Con Altura,0.746
194,44,0.639,Lil Dicky,0.694,281500,0.664,4,0,2,0.0929,-4.649,1,45,0.05,10250950,95.941,4,2S1LebN6AXXQqJolBxlWgO,Earth,0.676
195,45,0.145,YNW Melly,0.759,268434,0.73,4,3.06E-06,0,0.11,-7.985,0,46,0.0516,10156211,115.007,4,7eBqSVxrzQZtK2mmgRG6lC,Murder On My Mind,0.74
196,46,0.462,Billie Eilish,0.678,180953,0.533,4,0.219,4,0.139,-10.485,1,47,0.186,9888124,150.455,4,3XF5xLJHOQQRbWya6hBp7d,you should see me in a crown,0.323
197,47,0.016,Calvin Harris,0.807,229184,0.887,4,0.000503,1,0.0811,-4.311,0,48,0.0361,9510194,122.015,4,5itOtNx0WxtJmi1TQ3RuRd,Giant (with Rag'n'Bone Man),0.606
198,48,0.0765,Khalid,0.596,229320,0.552,4,0.334,0,0.104,-10.278,0,49,0.097,9455500,97.949,4,6zeeWid2sgw4lap2jV61PZ,Better,0.112
199,49,0.157,DJ Snake,0.842,212500,0.801,4,4.82E-06,8,0.0642,-4.167,0,50,0.228,9454260,95.881,4,4w8niZpiMy6qz1mntFA5uM,"Taki Taki (with Selena Gomez, Ozuna & Cardi B)",0.617
200,0,0.0912,Ed Sheeran,0.798,219947,0.675,5,0,6,0.0894,-5.041,1,1,0.0442,42878608,101.956,4,3HVWdVOQ0ZA45FuZGSfvns,I Don't Care (with Justin Bieber),0.842
201,1,0.328,Billie Eilish,0.701,194088,0.425,5,0.13,7,0.1,-10.965,1,2,0.375,39937921,135.128,4,2Fxmhks0bxGSBdJ92vM42m,bad guy,0.562
202,2,0.0533,Lil Nas X,0.878,157067,0.619,5,0,6,0.113,-5.56,1,3,0.102,36614610,136.041,4,6u7jPi22kF8CTQ3rb9DHE7,Old Town Road (feat. Billy Ray Cyrus) - Remix,0.639
203,3,0.136,Sech,0.747,225933,0.7,5,0.000167,0,0.11,-4.669,1,4,0.341,25377792,176.036,4,1Ej96GIBCTvgH7tNX1r3qr,Otro Trago,0.62
204,4,0.524,Shawn Mendes,0.692,190800,0.809,5,0,2,0.147,-4.198,1,5,0.0602,24336903,123.911,4,6LsAAHotRLMOHfCsSfYCsz,If I Can't Have You,0.864
205,5,0.0247,Young Thug,0.796,200107,0.586,5,0,4,0.132,-6.946,0,6,0.147,22075360,97.981,4,7DcvwMAiqKJQD1rrdfxSDx,The London (feat. J. Cole & Travis Scott),0.179
206,6,0.0361,Lil Nas X,0.908,113013,0.517,5,1.73E-06,1,0.0949,-6.063,1,7,0.129,21504917,136.019,4,53CJANUxooaqGOtdsBTh7O,Old Town Road,0.471
207,7,0.23,"Tyler, The Creator",0.554,190067,0.498,5,5.98E-06,9,0.795,-8.866,1,8,0.0685,20217249,79.635,4,5hVghJ4KaYES3BFUATCYn0,EARFQUAKE,0.413
208,8,0.214,Ed Sheeran,0.746,206187,0.787,5,0,4,0.0669,-6.373,1,9,0.12,19742322,95.005,4,543bCW2ruMPmxUBWirQ3MR,Cross Me (feat. Chance the Rapper & PnB Rock),0.607
209,9,0.361,Lunay,0.795,266087,0.783,5,0,5,0.437,-4.271,1,10,0.0432,19371590,92.016,4,1c0hsvHLELX6y8qymnpLKL,Soltera - Remix,0.8
210,10,0.556,Post Malone,0.76,158040,0.479,5,0,2,0.0703,-5.574,1,11,0.0466,19276494,89.911,4,3KkXRkHbMCARz0aVfEt68P,Sunflower - Spider-Man: Into the Spider-Verse,0.913
211,11,0.11,Daddy Yankee,0.737,193227,0.86,5,1.94E-06,8,0.0574,-2.652,0,12,0.0593,18927748,93.989,4,5w9c2J52mkdntKOmRLeM2m,Con Calma,0.656
212,12,0.751,Lewis Capaldi,0.501,182161,0.405,5,0,1,0.105,-5.679,1,13,0.0319,18715436,109.891,4,7qEHsqek33rTcFNT9PFqLf,Someone You Loved,0.446
213,13,0.272,Avicii,0.802,157202,0.645,5,0,5,0.119,-6.181,0,14,0.0715,18650866,100.001,4,6nDKrPlXdpomGBgAlO7UdP,SOS,0.376
214,14,0.0427,Jonas Brothers,0.842,181040,0.734,5,0,1,0.106,-5.065,0,15,0.0588,18269004,137.958,4,4y3OI86AEP6PQoDE6olYhO,Sucker,0.952
215,15,0.0291,Taylor Swift,0.614,193040,0.839,5,0,0,0.112,-4.143,1,16,0.0702,16510655,182.123,4,4MsUsFfWseB9M2plGJyuIw,ME! (feat. Brendon Urie of Panic! At The Disco),0.657
216,16,0.592,Ariana Grande,0.778,178627,0.317,5,0,1,0.0881,-10.732,0,17,0.334,16198666,140.048,4,6ocbgoVGwYJhOv1GgI9NsF,7 rings,0.327
217,17,0.051,Khalid,0.901,197573,0.4,5,0,0,0.0599,-8.575,1,18,0.126,15454889,135.984,4,6TqXcAFInzjp0bODyvrWEq,Talk (feat. Disclosure),0.346
218,18,0.11,Lizzo,0.715,173325,0.624,5,0,4,0.123,-3.046,0,19,0.114,14982170,158.087,4,5qmq61DAAOUaW8AUo8xKhh,Truth Hurts,0.412
219,19,0.371,Lady Gaga,0.572,215733,0.385,5,0,7,0.231,-6.362,1,20,0.0308,14867973,95.799,4,2VxeLyX666F8uXCJ0dZF8B,Shallow,0.323
220,20,0.179,Martin Garrix,0.661,163805,0.723,5,1.23E-05,5,0.14,-6.976,0,21,0.0566,14383363,113.778,4,7Feaw9WAEREY0DUOSXJLOM,Summer Days (feat. Macklemore & Patrick Stump of Fall Out Boy),0.316
221,21,0.296,Mabel,0.674,178480,0.881,5,3.01E-06,9,0.0793,-2.853,1,22,0.147,13763208,98.994,4,5WHTFyqSii0lmT9R21abT8,Don't Call Me Up,0.234
222,22,0.489,5 Seconds of Summer,0.505,157493,0.428,5,0,5,0.0977,-5.604,1,23,0.221,13581944,175.813,4,4tNXntkAzQ5A2dfYRYGIIQ,Easier,0.618
223,23,0.25,Paulo Londra,0.855,263899,0.649,5,0,8,0.0801,-2.443,1,24,0.151,13246024,161.986,4,5jW3rF4URMdK7tO2xjS5EI,Tal Vez,0.741
224,24,0.163,Post Malone,0.833,149520,0.539,5,2.10E-06,11,0.101,-7.399,0,25,0.178,13085696,99.947,4,6MWtB6iiXyIwun0YzU6DFP,Wow.,0.385
225,25,0.0608,DaBaby,0.876,163320,0.662,5,0,2,0.127,-6.482,0,26,0.426,12831493,75.445,4,2gwkD6igEhQbDQegRCcdoB,Suge,0.844
226,26,0.0404,MEDUZA,0.677,152913,0.744,5,0.00016,10,0.074,-6.806,0,27,0.0295,12623056,124.08,4,1DFD5Fotzgn6yYXkYsKiGs,Piece Of Your Heart,0.631
227,27,0.74,Billie Eilish,0.905,193143,0.389,5,0.162,8,0.106,-14.505,1,28,0.332,12481086,120.046,4,4SSnFejRGlZikf02HLewEF,bury a friend,0.196
228,28,0.753,Dalex,0.688,360960,0.62,5,5.27E-06,11,0.158,-8.029,0,29,0.22,12293082,170.018,4,7g8YaUQABMal0zWe7a2ijz,Pa MÃ­ - Remix,0.727
229,29,0.0623,Marshmello,0.791,156347,0.565,5,0,5,0.156,-3.933,0,30,0.0439,12165875,99.961,4,5icOoE6VgqFKohjWWNp0Ac,Here With Me,0.181
230,30,0.0691,Ava Max,0.719,187436,0.704,5,0,1,0.166,-4.724,1,31,0.0476,12097601,133.002,4,25sgk305KZfyuqVBQIahim,Sweet but Psycho,0.628
231,31,0.0188,Halsey,0.611,231999,0.622,5,0,9,0.359,-5.075,0,32,0.0734,12035193,146.11,4,340UVheS8z3ncW9TTUhAbc,Nightmare,0.538
232,32,0.191,Marshmello,0.687,214290,0.792,5,0,5,0.167,-2.749,1,33,0.0452,11980172,100.015,4,2dpaYNEQHiRxtZbfNsse99,Happier,0.671
233,33,0.323,Pedro CapÃ³,0.826,238200,0.773,5,0,11,0.143,-4.218,0,34,0.0524,11974425,126.899,4,5iwz1NiezX7WWjnCgY5TH4,Calma - Remix,0.761
234,34,0.978,Billie Eilish,0.367,196077,0.111,5,3.97E-05,4,0.0897,-14.084,1,35,0.0972,11933868,82.642,4,43zdsphuZLzwA9k4DJhU0I,when the party's over,0.198
235,35,0.391,DJ Luian,0.857,267500,0.647,5,1.20E-06,11,0.0842,-4.152,0,36,0.0984,11930133,95.982,4,4lzxJ4jCuFDXXGkE1LmpKR,Verte Ir,0.553
236,36,0.241,Nicky Jam,0.673,201818,0.752,5,4.51E-05,2,0.0813,-3.572,0,37,0.0561,11726135,175.997,4,6v0lAdFF4haL8xjBIUjtOw,Te RobarÃ©,0.797
237,37,0.297,Halsey,0.752,201661,0.488,5,9.11E-06,6,0.0936,-7.05,1,38,0.0705,11367770,136.041,4,5p7ujcrUXASCNwRaWNHR1C,Without Me,0.533
238,38,0.45,Sam Smith,0.741,171030,0.52,5,1.97E-06,8,0.222,-7.513,1,39,0.0656,11331297,102.998,4,6Qs4SXO9dwPj5GKvVOv8Ki,Dancing With A Stranger (with Normani),0.347
239,39,0.0923,BTS,0.645,229773,0.862,5,0,11,0.192,-4.757,0,40,0.0965,11283318,119.991,4,5KawlOMHjWeUjQtnuRs22c,Boy With Luv (feat. Halsey),0.798
240,40,0.252,Maluma,0.837,184436,0.791,5,1.14E-06,4,0.188,-3.157,0,41,0.0773,11153969,91.98,4,1LIqNVhaIgxXUt2eVoIQJ3,HP,0.618
241,41,0.39,ROSALÃA,0.882,161627,0.689,5,0.00325,6,0.0501,-4.027,1,42,0.124,11140633,97.963,4,2qG5sZ7Si6sdK74qLxedYM,Con Altura,0.746
242,42,0.381,Kygo,0.591,215316,0.705,5,0.000116,9,0.131,-6.519,0,43,0.079,10941345,121.799,4,3y3brCCecHC3Db18aIOnny,"Carry On (from the Original Motion Picture ""POKÃ‰MON Detective Pikachu"")",0.27
243,43,0.234,Joyner Lucas,0.918,236000,0.837,5,0,1,0.227,-6.792,1,44,0.255,10813990,120.017,4,36TO60sxDduIsO3xH8IcUh,Isis,0.855
244,44,0.121,Polo G,0.861,166640,0.621,5,0,1,0.0689,-7.106,1,45,0.362,10604382,83.976,4,5AjINjwKyRvQJhSe2zpPHi,Pop Out (feat. Lil Tjay),0.254
245,45,0.0828,Bazzi,0.844,169038,0.644,5,0,11,0.113,-6.273,0,46,0.0479,10568393,122.061,4,7njKgVl3AnLflRad38o7AG,Paradise,0.591
246,46,0.0575,ZAYN,0.302,242956,0.414,5,0,2,0.0861,-8.16,1,47,0.0319,10541734,110.508,4,1iWHabUgUuuKLBa0TzTHfk,"A Whole New World (End Title) - From ""Aladdin""",0.105
247,47,0.137,Logic,0.694,245387,0.759,5,0,10,0.167,-5.667,0,48,0.398,10469944,140.055,4,2MuMD298IpYqKF367wegUd,Homicide (feat. Eminem),0.77
248,48,0.934,Billie Eilish,0.351,200186,0.296,5,0,4,0.095,-10.109,0,49,0.0333,10188398,115.284,4,0u2P5u6lvoDfwTYjAADbn4,lovely (with Khalid),0.12
249,49,0.0737,Ava Max,0.682,183027,0.656,5,0,6,0.353,-4.67,1,50,0.0435,9995114,130.089,4,0uUNN1nSoUx1A4fkDCWDQ7,So Am I,0.607
250,0,0.037,Shawn Mendes,0.759,190960,0.54,6,0,9,0.0945,-6.039,0,1,0.0287,63045599,116.947,4,0TK2YIli7K1leLovkQiNik,SeÃ±orita,0.75
251,1,0.0912,Ed Sheeran,0.798,219947,0.675,6,0,6,0.0894,-5.041,1,2,0.0442,37834490,101.956,4,3HVWdVOQ0ZA45FuZGSfvns,I Don't Care (with Justin Bieber),0.842
252,2,0.328,Billie Eilish,0.701,194088,0.425,6,0.13,7,0.1,-10.965,1,3,0.375,35768190,135.128,4,2Fxmhks0bxGSBdJ92vM42m,bad guy,0.562
253,3,0.0533,Lil Nas X,0.878,157067,0.619,6,0,6,0.113,-5.56,1,4,0.102,32722266,136.041,4,6u7jPi22kF8CTQ3rb9DHE7,Old Town Road (feat. Billy Ray Cyrus) - Remix,0.639
254,4,0.101,Drake,0.831,205427,0.502,6,0,10,0.122,-4.045,0,5,0.046,25117868,100.541,4,5ry2OE6R2zPQFDO85XkgRb,Money In The Grave (Drake ft. Rick Ross),0.101
255,5,0.00838,Taylor Swift,0.769,171387,0.678,6,0,2,0.0596,-5.604,1,6,0.0507,24278392,85.025,4,29fRTIKsJhLUJoldM89GZS,You Need To Calm Down,0.706
256,6,0.342,Lil Nas X,0.703,114893,0.594,6,0,5,0.123,-6.146,0,7,0.0752,24238981,153.848,4,6fTt0CH2t0mdeB2N9XFG5r,Panini,0.475
257,7,0.136,Sech,0.747,225933,0.7,6,0.000167,0,0.11,-4.669,1,8,0.341,23617149,176.036,4,1Ej96GIBCTvgH7tNX1r3qr,Otro Trago,0.62
258,8,0.6,Bad Bunny,0.61,250534,0.624,6,2.12E-06,2,0.243,-4.773,1,9,0.309,22266103,176.169,4,2TH65lNHgvLxCKXM3apjxI,Callaita,0.244
259,9,0.194,Katy Perry,0.77,223523,0.882,6,0,8,0.316,-4.792,1,10,0.0602,19261920,99.991,4,5PYQUBXc7NYeI1obMKSJK0,Never Really Over,0.385
260,10,0.524,Shawn Mendes,0.692,190800,0.809,6,0,2,0.147,-4.198,1,11,0.0602,19195647,123.911,4,6LsAAHotRLMOHfCsSfYCsz,If I Can't Have You,0.864
261,11,0.11,Daddy Yankee,0.737,193227,0.86,6,1.94E-06,8,0.0574,-2.652,0,12,0.0593,18899230,93.989,4,5w9c2J52mkdntKOmRLeM2m,Con Calma,0.656
262,12,0.361,Lunay,0.795,266087,0.783,6,0,5,0.437,-4.271,1,13,0.0432,17985888,92.016,4,1c0hsvHLELX6y8qymnpLKL,Soltera - Remix,0.8
263,13,0.751,Lewis Capaldi,0.501,182161,0.405,6,0,1,0.105,-5.679,1,14,0.0319,17259949,109.891,4,7qEHsqek33rTcFNT9PFqLf,Someone You Loved,0.446
264,14,0.0361,Lil Nas X,0.908,113013,0.517,6,1.73E-06,1,0.0949,-6.063,1,15,0.129,16719515,136.019,4,53CJANUxooaqGOtdsBTh7O,Old Town Road,0.471
265,15,0.0427,Jonas Brothers,0.842,181027,0.734,6,0,1,0.106,-5.065,0,16,0.0588,16544568,137.958,4,22vgEDb5hykfaTwLuskFGD,Sucker,0.952
266,16,0.556,Post Malone,0.76,158040,0.479,6,0,2,0.0703,-5.574,1,17,0.0466,16443029,89.911,4,3KkXRkHbMCARz0aVfEt68P,Sunflower - Spider-Man: Into the Spider-Verse,0.913
267,17,0.0404,MEDUZA,0.677,152913,0.744,6,0.00016,10,0.074,-6.806,0,18,0.0295,15451112,124.08,4,1DFD5Fotzgn6yYXkYsKiGs,Piece Of Your Heart,0.631
268,18,0.179,Martin Garrix,0.661,163805,0.723,6,1.23E-05,5,0.14,-6.976,0,19,0.0566,15154394,113.778,4,7Feaw9WAEREY0DUOSXJLOM,Summer Days (feat. Macklemore & Patrick Stump of Fall Out Boy),0.316
269,19,0.0247,Young Thug,0.796,200107,0.586,6,0,4,0.132,-6.946,0,20,0.147,14995599,97.981,4,7DcvwMAiqKJQD1rrdfxSDx,The London (feat. J. Cole & Travis Scott),0.179
270,20,0.123,Chris Brown,0.698,260640,0.454,6,0,1,0.155,-6.756,0,21,0.151,14816185,92.932,4,7FEwp8BavoEVE3AnxJDchc,No Guidance (feat. Drake),0.137
271,21,0.272,Avicii,0.802,157202,0.645,6,0,5,0.119,-6.181,0,22,0.0715,14513004,100.001,4,2x0RZdkZcD8QRI53XT4GI5,SOS (feat. Aloe Blacc),0.376
272,22,0.214,Ed Sheeran,0.746,206187,0.787,6,0,4,0.0669,-6.373,1,23,0.12,14429550,95.005,4,543bCW2ruMPmxUBWirQ3MR,Cross Me (feat. Chance the Rapper & PnB Rock),0.607
273,23,0.225,The Chainsmokers,0.591,217653,0.702,6,0,7,0.414,-5.59,1,24,0.0289,14382395,104.003,4,05CwHjIk71RXVU40boRMnR,Call You Mine,0.501
274,24,0.592,Ariana Grande,0.778,178627,0.317,6,0,1,0.0881,-10.732,0,25,0.334,13540799,140.048,4,6ocbgoVGwYJhOv1GgI9NsF,7 rings,0.327
275,25,0.11,Lizzo,0.715,173325,0.624,6,0,4,0.123,-3.046,0,26,0.114,13247134,158.087,4,5qmq61DAAOUaW8AUo8xKhh,Truth Hurts,0.412
276,26,0.139,Lil Nas X,0.706,158707,0.679,6,6.98E-05,9,0.465,-5.614,1,27,0.0324,13086179,140.081,4,4ak7xjvBeBOcJGWFDX9w5n,Rodeo,0.657
277,27,0.407,Capital Bra,0.631,172036,0.673,6,0,6,0.154,-4.892,0,28,0.384,13026753,83.504,4,1VEMUkGFio5uURvN8x1DZJ,Tilidin,0.721
278,28,0.0204,Lil Tecca,0.745,131280,0.642,6,0,7,0.0658,-6.257,0,29,0.287,12966653,179.974,4,1kBbgxAUc4HQv7cgIayIDH,Ransom,0.226
279,29,0.285,DJ Snake,0.822,185195,0.743,6,2.31E-06,6,0.102,-3.04,0,30,0.0567,12722188,96.025,4,1f38Gx6xQz6r4H1jGVNBJo,Loco Contigo (with J. Balvin & Tyga),0.355
280,30,0.051,Khalid,0.901,197573,0.4,6,0,0,0.0599,-8.575,1,31,0.126,12388018,135.984,4,6TqXcAFInzjp0bODyvrWEq,Talk (feat. Disclosure),0.346
281,31,0.0715,Avicii,0.592,277262,0.873,6,0.00982,9,0.142,-5.65,1,32,0.0275,12303237,122.011,4,0vrmHPfoBadXVr2n0m1aqZ,Heaven,0.516
282,32,0.371,Lady Gaga,0.572,215733,0.385,6,0,7,0.231,-6.362,1,33,0.0308,12179441,95.799,4,2VxeLyX666F8uXCJ0dZF8B,Shallow,0.323
283,33,0.145,Jhay Cortez,0.806,309120,0.786,6,0,10,0.0935,-3.831,0,34,0.0741,12154908,91.973,4,4R8BJggjosTswLxtkw8V7P,No Me Conoce - Remix,0.58
284,34,0.23,"Tyler, The Creator",0.554,190067,0.498,6,5.98E-06,9,0.795,-8.866,1,35,0.0685,11879222,79.635,4,5hVghJ4KaYES3BFUATCYn0,EARFQUAKE,0.413
285,35,0.0667,Marshmello,0.659,181824,0.623,6,0,4,0.582,-2.253,1,36,0.0451,11781536,88.042,4,4hPpVbbakQNv8YTHYaOJP4,One Thing Right,0.439
286,36,0.241,Nicky Jam,0.673,201818,0.752,6,4.51E-05,2,0.0813,-3.572,0,37,0.0561,11754532,175.997,4,6v0lAdFF4haL8xjBIUjtOw,Te RobarÃ©,0.797
287,37,0.217,Maluma,0.777,175733,0.712,6,0,10,0.091,-4.84,1,38,0.277,11753685,95.692,4,7KbF6AdprOXEEHlsq11Z6d,23:00:00,0.68
288,38,0.108,Jonas Brothers,0.795,183000,0.496,6,0,0,0.0645,-5.883,1,39,0.0722,11371773,94.01,4,0DiDStADDVh3SvAsoJAFMk,Only Human,0.874
289,39,0.156,OneRepublic,0.759,158900,0.605,6,0,7,0.694,-7.737,1,40,0.0433,11304535,121.049,4,0mjAU3yKR1QnXnHtjGJqTM,Rescue Me,0.64
290,40,0.163,Post Malone,0.833,149520,0.539,6,2.10E-06,11,0.101,-7.399,0,41,0.178,11146591,99.947,4,6MWtB6iiXyIwun0YzU6DFP,Wow.,0.385
291,41,0.191,Marshmello,0.687,214290,0.792,6,0,5,0.167,-2.749,1,42,0.0452,10989393,100.015,4,2dpaYNEQHiRxtZbfNsse99,Happier,0.671
292,42,0.753,Dalex,0.688,360960,0.62,6,5.27E-06,11,0.158,-8.029,0,43,0.22,10956123,170.018,4,7g8YaUQABMal0zWe7a2ijz,Pa MÃ­ - Remix,0.727
293,43,0.39,ROSALÃA,0.882,161627,0.689,6,0.00325,6,0.0501,-4.027,1,44,0.124,10786943,97.963,4,2qG5sZ7Si6sdK74qLxedYM,Con Altura,0.746
294,44,0.25,Paulo Londra,0.855,263899,0.649,6,0,8,0.0801,-2.443,1,45,0.151,10777248,161.986,4,5jW3rF4URMdK7tO2xjS5EI,Tal Vez,0.741
295,45,0.0291,Taylor Swift,0.614,193040,0.839,6,0,0,0.112,-4.143,1,46,0.0702,10714004,182.123,4,4MsUsFfWseB9M2plGJyuIw,ME! (feat. Brendon Urie of Panic! At The Disco),0.657
296,46,0.391,DJ Luian,0.857,267500,0.647,6,1.20E-06,11,0.0842,-4.152,0,47,0.0984,10564934,95.982,4,4lzxJ4jCuFDXXGkE1LmpKR,Verte Ir,0.553
297,47,0.323,Pedro CapÃ³,0.826,238200,0.773,6,0,11,0.143,-4.218,0,48,0.0524,10527609,126.899,4,5iwz1NiezX7WWjnCgY5TH4,Calma - Remix,0.761
298,48,0.325,YG,0.88,299227,0.67,6,4.17E-06,2,0.0662,-5.177,1,49,0.0468,10454355,101.008,4,1kK6DwzyXJSp58u5HYWwuD,"Go Loko (feat. Tyga, Jon Z)",0.131
299,49,0.296,Mabel,0.674,178480,0.881,6,3.01E-06,9,0.0793,-2.853,1,50,0.147,10253815,98.994,4,5WHTFyqSii0lmT9R21abT8,Don't Call Me Up,0.234
300,0,0.037,Shawn Mendes,0.759,190960,0.54,7,0,9,0.0945,-6.039,0,1,0.0287,61224745,116.947,4,0TK2YIli7K1leLovkQiNik,Señorita,0.75
301,1,0.0912,Ed Sheeran,0.798,219947,0.675,7,0,6,0.0894,-5.041,1,2,0.0442,31405904,101.956,4,0hVXuCcriWRGvwMV1r5Yn9,I Don't Care (with Justin Bieber),0.842
302,2,0.124,Ed Sheeran,0.64,197867,0.648,7,0,5,0.0802,-8.113,0,3,0.187,30909530,92.977,4,70eFcWOvlMObDhURTqT4Fv,Beautiful People (feat. Khalid),0.548
303,3,0.447,Post Malone,0.58,174960,0.653,7,0,5,0.111,-3.818,1,4,0.0745,29585478,150.231,4,6vBdBCoOhKHiYDDOcorfNo,Goodbyes (Feat. Young Thug),0.175
304,4,0.0533,Lil Nas X,0.878,157067,0.619,7,0,6,0.113,-5.56,1,5,0.102,24682240,136.041,4,6u7jPi22kF8CTQ3rb9DHE7,Old Town Road (feat. Billy Ray Cyrus) - Remix,0.639
305,5,0.328,Billie Eilish,0.701,194088,0.425,7,0.13,7,0.1,-10.965,1,6,0.375,24218751,135.128,4,2Fxmhks0bxGSBdJ92vM42m,bad guy,0.562
306,6,0.6,Bad Bunny,0.61,250534,0.624,7,2.12E-06,2,0.243,-4.773,1,7,0.309,20938701,176.169,4,2TH65lNHgvLxCKXM3apjxI,Callaita,0.244
307,7,0.0846,Anuel AA,0.786,301714,0.808,7,0.000289,7,0.0822,-3.702,1,8,0.0882,20707036,105.027,4,2ksOAxtIxY8yElEWw8RhgK,China,0.609
308,8,0.153,Sam Smith,0.477,202205,0.682,7,0,1,0.0763,-4.931,0,9,0.0925,20565888,110.567,5,6b2RcmUt1g9N9mQ3CbjX2Y,How Do You Sleep?,0.345
309,9,0.276,DJ Snake,0.823,185195,0.71,7,2.17E-06,6,0.152,-3.896,0,10,0.0688,18602563,96.024,4,1fBXSMOusjaj7GjzErHmUI,Loco Contigo,0.376
310,10,0.136,Sech,0.747,225933,0.7,7,0.000167,0,0.11,-4.669,1,11,0.341,18499150,176.036,4,1Ej96GIBCTvgH7tNX1r3qr,Otro Trago,0.62
311,11,0.252,Billie Eilish,0.67,194840,0.453,7,0.33,0,0.117,-11.265,1,12,0.295,18046778,135.055,4,3yNZ5r3LKfdmjoS3gkhUCT,bad guy (with Justin Bieber),0.68
312,12,0.342,Lil Nas X,0.703,114893,0.594,7,0,5,0.123,-6.146,0,13,0.0752,17818356,153.848,4,6fTt0CH2t0mdeB2N9XFG5r,Panini,0.475
313,13,0.751,Lewis Capaldi,0.501,182161,0.405,7,0,1,0.105,-5.679,1,14,0.0319,17717445,109.891,4,7qEHsqek33rTcFNT9PFqLf,Someone You Loved,0.446
314,14,0.101,Drake,0.831,205427,0.502,7,0,10,0.122,-4.045,0,15,0.046,17517483,100.541,4,5ry2OE6R2zPQFDO85XkgRb,Money In The Grave (Drake ft. Rick Ross),0.101
315,15,0.133,Ed Sheeran,0.715,161747,0.823,7,0,5,0.361,-5.313,0,16,0.0495,17432151,151.956,4,1DhRbox3xkceP64k3JeYfW,Antisocial (with Travis Scott),0.91
316,16,0.556,Post Malone,0.76,158040,0.479,7,0,2,0.0703,-5.574,1,17,0.0466,16783888,89.911,4,3KkXRkHbMCARz0aVfEt68P,Sunflower - Spider-Man: Into the Spider-Verse,0.913
317,17,0.0204,Lil Tecca,0.745,131280,0.642,7,0,7,0.0658,-6.257,0,18,0.287,15910634,179.974,4,1kBbgxAUc4HQv7cgIayIDH,Ransom,0.226
318,18,0.11,Lizzo,0.715,173325,0.624,7,0,4,0.123,-3.046,0,19,0.114,15829642,158.087,4,5qmq61DAAOUaW8AUo8xKhh,Truth Hurts,0.412
319,19,0.361,Lunay,0.795,266087,0.783,7,0,5,0.437,-4.271,1,20,0.0432,15545305,92.016,4,1c0hsvHLELX6y8qymnpLKL,Soltera - Remix,0.8
320,20,0.0404,MEDUZA,0.677,152913,0.744,7,0.00016,10,0.074,-6.806,0,21,0.0295,15245869,124.08,4,1DFD5Fotzgn6yYXkYsKiGs,Piece Of Your Heart,0.631
321,21,0.11,Daddy Yankee,0.737,193227,0.86,7,1.94E-06,8,0.0574,-2.652,0,22,0.0593,15054287,93.989,4,5w9c2J52mkdntKOmRLeM2m,Con Calma,0.656
322,22,0.152,J Balvin,0.754,242573,0.646,7,1.85E-05,7,0.108,-5.795,1,23,0.317,14524819,176.089,4,0fea68AdmYNygeTGI4RC18,LA CANCI√ìN,0.429
323,23,0.181,Y2K,0.843,160627,0.391,7,0,2,0.137,-7.899,1,24,0.0845,14351284,129.972,4,51Fjme0JiitpyXKuyQiCDo,Lalala,0.496
324,24,0.148,Ed Sheeran,0.857,204467,0.621,7,0,9,0.0865,-6.376,0,25,0.0824,13990422,97.986,4,4vUmTMuQqjdnvlZmAH61Qk,South of the Border (feat. Camila Cabello & Cardi B),0.668
325,25,0.524,Shawn Mendes,0.692,190800,0.809,7,0,2,0.147,-4.198,1,26,0.0602,13712369,123.911,4,6LsAAHotRLMOHfCsSfYCsz,If I Can't Have You,0.864
326,26,0.145,Jhay Cortez,0.806,309120,0.786,7,0,10,0.0935,-3.831,0,27,0.0741,13531879,91.973,4,4R8BJggjosTswLxtkw8V7P,No Me Conoce - Remix,0.58
327,27,0.00838,Taylor Swift,0.769,171387,0.678,7,0,2,0.0596,-5.604,1,28,0.0507,13517718,85.025,4,29fRTIKsJhLUJoldM89GZS,You Need To Calm Down,0.706
328,28,0.214,Ed Sheeran,0.746,206187,0.787,7,0,4,0.0669,-6.373,1,29,0.12,12934499,95.005,4,4wuCQX7JvAZLlrcmH4AeZF,Cross Me (feat. Chance the Rapper & PnB Rock),0.607
329,29,0.374,Ali Gatie,0.732,212607,0.463,7,0,11,0.194,-6.972,0,30,0.0287,12680162,95.971,4,6moU77g9RQyMzHNuKEaQKq,It's You,0.397
330,30,0.0275,J Balvin,0.639,222347,0.791,7,0,10,0.362,-4.443,0,31,0.253,12529837,92.603,4,25ZAibhr3bdlMCLmubZDVt,QUE PRETENDES,0.939
331,31,0.194,Katy Perry,0.77,223523,0.882,7,0,8,0.316,-4.792,1,32,0.0602,12256490,99.991,4,5PYQUBXc7NYeI1obMKSJK0,Never Really Over,0.385
332,32,0.179,Martin Garrix,0.661,163805,0.723,7,1.23E-05,5,0.14,-6.976,0,33,0.0566,12105088,113.778,4,40OMBMYRk5IQL6xCzGM0JA,Summer Days (feat. Macklemore & Patrick Stump of Fall Out Boy),0.316
333,33,0.0427,Jonas Brothers,0.842,181027,0.734,7,0,1,0.106,-5.065,0,34,0.0588,12003832,137.958,4,22vgEDb5hykfaTwLuskFGD,Sucker,0.952
334,34,0.0667,Marshmello,0.659,181824,0.623,7,0,4,0.582,-2.253,1,35,0.0451,11885029,88.042,4,4hPpVbbakQNv8YTHYaOJP4,One Thing Right,0.439
335,35,0.225,The Chainsmokers,0.591,217653,0.702,7,0,7,0.414,-5.59,1,36,0.0289,11557238,104.003,4,05CwHjIk71RXVU40boRMnR,Call You Mine,0.501
336,36,0.592,Ariana Grande,0.778,178627,0.317,7,0,1,0.0881,-10.732,0,37,0.334,11498117,140.048,4,6ocbgoVGwYJhOv1GgI9NsF,7 rings,0.327
337,37,0.0154,Kygo,0.693,228267,0.678,7,6.05E-06,8,0.101,-7.159,1,38,0.0324,11497837,103.952,4,6oJ6le65B3SEqPwMRNXWjY,Higher Love,0.404
338,38,0.217,Maluma,0.777,175733,0.712,7,0,10,0.091,-4.84,1,39,0.277,11397919,95.692,4,7KbF6AdprOXEEHlsq11Z6d,23:00:00,0.68
339,39,0.0361,Lil Nas X,0.908,113013,0.517,7,1.73E-06,1,0.0949,-6.063,1,40,0.129,11144701,136.019,4,53CJANUxooaqGOtdsBTh7O,Old Town Road,0.471
340,40,0.0247,Young Thug,0.796,200107,0.586,7,0,4,0.132,-6.946,0,41,0.147,11105172,97.981,4,7DcvwMAiqKJQD1rrdfxSDx,The London (feat. J. Cole & Travis Scott),0.179
341,41,0.39,ROSAL√çA,0.882,161627,0.689,7,0.00325,6,0.0501,-4.027,1,42,0.124,10634250,97.963,4,2qG5sZ7Si6sdK74qLxedYM,Con Altura,0.746
342,42,0.371,Lady Gaga,0.572,215733,0.385,7,0,7,0.231,-6.362,1,43,0.0308,10538290,95.799,4,2VxeLyX666F8uXCJ0dZF8B,Shallow,0.323
343,43,0.135,Ed Sheeran,0.852,207760,0.666,7,0,11,0.798,-6.923,0,44,0.184,10474036,91.046,4,0AtP8EkGPn6SwxKDaUuXec,Remember The Name (feat. Eminem & 50 Cent),0.726
344,44,0.051,Khalid,0.901,197573,0.4,7,0,0,0.0599,-8.575,1,45,0.126,10399937,135.984,4,6TqXcAFInzjp0bODyvrWEq,Talk (feat. Disclosure),0.346
345,45,0.241,Nicky Jam,0.673,201818,0.752,7,4.51E-05,2,0.0813,-3.572,0,46,0.0561,10220237,175.997,4,6v0lAdFF4haL8xjBIUjtOw,Te Robar√©,0.797
346,46,0.323,Pedro Cap√≥,0.826,238200,0.773,7,0,11,0.143,-4.218,0,47,0.0524,9980018,126.899,4,5iwz1NiezX7WWjnCgY5TH4,Calma - Remix,0.761
347,47,0.123,Chris Brown,0.698,260640,0.454,7,0,1,0.155,-6.756,0,48,0.151,9799641,92.932,4,6XHVuErjQ4XNm6nDPVCxVX,No Guidance (feat. Drake),0.137
348,48,0.272,Avicii,0.802,157202,0.645,7,0,5,0.119,-6.181,0,49,0.0715,9773185,100.001,4,2x0RZdkZcD8QRI53XT4GI5,SOS (feat. Aloe Blacc),0.376
349,49,0.191,Marshmello,0.687,214290,0.792,7,0,5,0.167,-2.749,1,50,0.0452,9640741,100.015,4,2dpaYNEQHiRxtZbfNsse99,Happier,0.671
350,0,0.0392,Shawn Mendes,0.759,190800,0.548,8,0,9,0.0828,-6.049,0,1,0.029,46917158,116.967,4,6v3KW9xbzN5yKLt9YKDYA2,Señorita,0.749
351,1,0.492,Taylor Swift,0.359,221307,0.543,8,1.58E-05,7,0.118,-7.582,1,2,0.0919,29990567,68.534,4,1dGr1c8CrMLDpV6mPbImSI,Lover,0.453
352,2,0.0846,Anuel AA,0.786,301714,0.808,8,0.000289,7,0.0822,-3.702,1,3,0.0882,29346900,105.027,4,2ksOAxtIxY8yElEWw8RhgK,China,0.609
353,3,0.0204,Lil Tecca,0.745,131280,0.642,8,0,7,0.0658,-6.257,0,4,0.287,25273589,179.974,4,1kBbgxAUc4HQv7cgIayIDH,Ransom,0.226
354,4,0.447,Post Malone,0.58,174960,0.653,8,0,5,0.111,-3.818,1,5,0.0745,24022111,150.231,4,6vBdBCoOhKHiYDDOcorfNo,Goodbyes (Feat. Young Thug),0.175
355,5,0.124,Ed Sheeran,0.64,197867,0.648,8,0,5,0.0802,-8.113,0,6,0.187,23189627,92.977,4,70eFcWOvlMObDhURTqT4Fv,Beautiful People (feat. Khalid),0.548
356,6,0.0767,Taylor Swift,0.777,190360,0.658,8,0,0,0.0901,-5.191,1,7,0.054,22211263,110.048,4,3RauEVgRgj1IuWdJ9fDs70,The Man,0.633
357,7,0.328,Billie Eilish,0.701,194088,0.425,8,0.13,7,0.1,-10.965,1,8,0.375,22193460,135.128,4,2Fxmhks0bxGSBdJ92vM42m,bad guy,0.562
358,8,0.0912,Ed Sheeran,0.798,219947,0.675,8,0,6,0.0894,-5.041,1,9,0.0442,21294584,101.956,4,0hVXuCcriWRGvwMV1r5Yn9,I Don't Care (with Justin Bieber),0.842
359,9,0.153,Sam Smith,0.477,202205,0.682,8,0,1,0.0763,-4.931,0,10,0.0925,20617185,110.567,5,6b2RcmUt1g9N9mQ3CbjX2Y,How Do You Sleep?,0.345
360,10,0.278,DJ Snake,0.694,185195,0.758,8,1.34E-06,11,0.102,-2.986,1,11,0.218,19672749,192.091,4,6osaMSJh9NguagEDQcZaKx,Loco Contigo (feat. J. Balvin & Tyga),0.371
361,11,0.751,Lewis Capaldi,0.501,182161,0.405,8,0,1,0.105,-5.679,1,12,0.0319,19536821,109.891,4,7qEHsqek33rTcFNT9PFqLf,Someone You Loved,0.446
362,12,0.0533,Lil Nas X,0.878,157067,0.619,8,0,6,0.113,-5.56,1,13,0.102,19223204,136.041,4,2YpeDb67231RjR0MgVLzsG,Old Town Road - Remix,0.639
363,13,0.688,Tones And I,0.825,209755,0.593,8,0.000161,6,0.17,-6.401,0,14,0.0988,19008751,98.078,4,1rgnBhdG2JDFTbYkYRZAku,Dance Monkey,0.54
364,14,0.119,Ariana Grande,0.4,186107,0.795,8,0,10,0.159,-3.731,0,15,0.461,18751171,190.097,4,0Ryd8975WihbObpp5cPW1t,boyfriend (with Social House),0.702
365,15,0.117,Taylor Swift,0.552,178427,0.702,8,2.06E-05,9,0.105,-5.707,1,16,0.157,18620281,169.994,4,1BxfuPKGuaTgP7aM0Bbdwr,Cruel Summer,0.564
366,16,0.00929,Taylor Swift,0.771,171360,0.671,8,0,2,0.0637,-5.617,1,17,0.0553,18295478,85.026,4,6RRNNciQGZEXnqk8SQ9yv5,You Need To Calm Down,0.714
367,17,0.6,Bad Bunny,0.61,250534,0.624,8,2.12E-06,2,0.243,-4.773,1,18,0.309,18071496,176.169,4,2TH65lNHgvLxCKXM3apjxI,Callaita,0.244
368,18,0.181,Y2K,0.843,160627,0.391,8,0,2,0.137,-7.899,1,19,0.0845,17609137,129.972,4,51Fjme0JiitpyXKuyQiCDo,Lalala,0.496
369,19,0.298,Taylor Swift,0.664,170640,0.316,8,2.03E-06,5,0.0812,-10.345,1,20,0.519,17291991,92.875,4,43rA71bccXFGD4C8GOpIlN,I Forgot That You Existed,0.541
370,20,0.152,J Balvin,0.754,242573,0.646,8,1.85E-05,7,0.108,-5.795,1,21,0.317,15922336,176.089,4,0fea68AdmYNygeTGI4RC18,LA CANCI√ìN,0.429
371,21,0.11,Lizzo,0.715,173325,0.624,8,0,4,0.123,-3.046,0,22,0.114,14986842,158.087,4,5qmq61DAAOUaW8AUo8xKhh,Truth Hurts,0.412
372,22,0.145,Jhay Cortez,0.806,309120,0.786,8,0,10,0.0935,-3.831,0,23,0.0741,14668464,91.973,4,4R8BJggjosTswLxtkw8V7P,No Me Conoce - Remix,0.58
373,23,0.0711,Sech,0.725,287773,0.79,8,1.14E-06,0,0.0602,-2.331,1,24,0.197,14634239,175.988,4,4bTZeO72FwMa6wKOiqoynL,Otro Trago - Remix,0.763
374,24,0.556,Post Malone,0.76,158040,0.479,8,0,2,0.0703,-5.574,1,25,0.0466,14435499,89.911,4,3KkXRkHbMCARz0aVfEt68P,Sunflower - Spider-Man: Into the Spider-Verse,0.913
375,25,0.0129,Taylor Swift,0.811,222400,0.719,8,1.36E-05,9,0.0742,-6.553,1,26,0.0497,14308256,103.979,4,4y5bvROuBDPr5fuwXbIBZR,Paper Rings,0.865
376,26,0.101,Drake,0.831,205427,0.502,8,0,10,0.122,-4.045,0,27,0.046,14157195,100.541,4,5ry2OE6R2zPQFDO85XkgRb,Money In The Grave (Drake ft. Rick Ross),0.101
377,27,0.123,Chris Brown,0.698,260640,0.454,8,0,1,0.155,-6.756,0,28,0.151,13882954,92.932,4,6XHVuErjQ4XNm6nDPVCxVX,No Guidance (feat. Drake),0.137
378,28,0.462,ROSAL√çA,0.78,201040,0.759,8,0.000868,1,0.143,-3.292,1,29,0.225,13849632,91.952,4,7BlBVFwvbWvcwNcUarQmjk,"Yo x Ti, Tu x Mi",0.579
379,29,0.028,Taylor Swift,0.662,234147,0.747,8,0.00615,11,0.138,-6.926,0,30,0.0736,13680788,150.088,4,214nt20w5wOxJnY462klLw,Miss Americana & The Heartbreak Prince,0.487
380,30,0.00889,Taylor Swift,0.897,173387,0.366,8,0.000353,0,0.0715,-8.029,1,31,0.0569,13448582,100.003,4,2YWtcWi3a83pdEg3Gif4Pd,I Think He Knows,0.416
381,31,0.0404,MEDUZA,0.677,152913,0.744,8,0.00016,10,0.074,-6.806,0,32,0.0295,13383077,124.08,4,1DFD5Fotzgn6yYXkYsKiGs,Piece Of Your Heart,0.631
382,32,0.033,Taylor Swift,0.61,193000,0.83,8,0,0,0.118,-4.105,1,33,0.0571,13179016,182.162,4,2Rk4JlNc2TPmZe2af99d45,ME! (feat. Brendon Urie of Panic! At The Disco),0.728
383,33,0.327,Lunay,0.795,266192,0.755,8,0,5,0.464,-4.788,1,34,0.0454,13058728,92.02,4,2qMnZF5Ja2WvmfbblByQza,Soltera (Remix),0.816
384,34,0.781,Taylor Swift,0.824,287267,0.624,8,0.000189,0,0.1,-9.728,1,35,0.0827,12625774,102.012,4,12M5uqx0ZuwkpLp5rJim1a,Cornelia Street,0.248
385,35,0.12,Taylor Swift,0.292,211240,0.574,8,0.00569,0,0.0663,-9.375,1,36,0.0401,12605882,124.344,4,3pHkh7d0lzM2AldUtz2x37,The Archer,0.166
386,36,0.0246,Taylor Swift,0.695,190240,0.71,8,0.000104,1,0.133,-6.639,1,37,0.05,12433654,157.925,4,1LLXZFeAHK9R4xUramtUKw,London Boy,0.557
387,37,0.12,The Chainsmokers,0.294,209893,0.505,8,0,3,0.0977,-8.106,1,38,0.042,11800743,85.332,1,6wo37KVqFJhtuxPTpLCcfe,Takeaway (feat. Lennon Stella),0.357
388,38,0.342,Lil Nas X,0.703,114893,0.594,8,0,5,0.123,-6.146,0,39,0.0752,11724243,153.848,4,6fTt0CH2t0mdeB2N9XFG5r,Panini,0.475
389,39,0.374,Ali Gatie,0.732,212607,0.463,8,0,11,0.194,-6.972,0,40,0.0287,11624948,95.971,4,6moU77g9RQyMzHNuKEaQKq,It's You,0.397
390,40,0.482,Lauv,0.806,198973,0.558,8,0,9,0.0618,-6.46,1,41,0.0683,11482215,95.016,4,322tcqPhma7F6hfCeLisx0,"fuck, i'm lonely",0.678
391,41,0.454,Taylor Swift,0.712,198533,0.732,8,0,4,0.319,-6.754,1,42,0.0629,11318503,94.071,4,2dgFqt3w9xIQRjhPtwNk3D,Death By A Thousand Cuts,0.313
392,42,0.273,Camilo,0.731,178613,0.832,8,0,9,0.0665,-2.592,1,43,0.0503,11208082,146.013,4,1nocRtwyNPVtGcIJqfgdzZ,Tutu,0.94
393,43,0.0154,Kygo,0.693,228267,0.678,8,6.05E-06,8,0.101,-7.159,1,44,0.0324,11169148,103.952,4,6oJ6le65B3SEqPwMRNXWjY,Higher Love,0.404
394,44,0.0275,J Balvin,0.639,222347,0.791,8,0,10,0.362,-4.443,0,45,0.253,11162214,92.603,4,25ZAibhr3bdlMCLmubZDVt,QUE PRETENDES,0.939
395,45,0.0249,Young Thug,0.784,200187,0.517,8,1.44E-06,4,0.155,-8.981,0,46,0.209,10958927,97.991,4,3s4mrPrEFFPF0LmAfutW0n,The London (feat. J. Cole & Travis Scott),0.206
396,46,0.217,Maluma,0.777,175733,0.712,8,0,10,0.091,-4.84,1,47,0.277,10612567,95.692,4,7KbF6AdprOXEEHlsq11Z6d,23:00:00,0.68
397,47,0.17,Miley Cyrus,0.53,233654,0.538,8,2.83E-06,5,0.248,-6.672,1,48,0.0335,10556260,148.051,4,44ADyYoY5liaRa3EOAl4uf,Slide Away,0.288
398,48,0.592,Ariana Grande,0.778,178627,0.317,8,0,1,0.0881,-10.732,0,49,0.334,10006817,140.048,4,6ocbgoVGwYJhOv1GgI9NsF,7 rings,0.327
399,49,0.13,Taylor Swift,0.756,223293,0.449,8,0,9,0.114,-8.746,1,50,0.0344,9957578,111.011,4,1SymEzIT3H8UZfibCs3TYi,Afterglow,0.399
400,0,0.0392,Shawn Mendes,0.759,190800,0.548,9,0,9,0.0828,-6.049,0,1,0.029,38036625,116.967,4,6v3KW9xbzN5yKLt9YKDYA2,Se√±orita,0.749
401,1,0.192,Post Malone,0.695,215280,0.762,9,0.00244,0,0.0863,-3.497,1,2,0.0395,31127024,120.042,4,21jGcNKet2qwijlDFuPiPb,Circles,0.553
402,2,0.688,Tones And I,0.825,209755,0.593,9,0.000161,6,0.17,-6.401,0,3,0.0988,30982039,98.078,4,1rgnBhdG2JDFTbYkYRZAku,Dance Monkey,0.54
403,3,0.181,Y2K,0.843,160627,0.391,9,0,2,0.137,-7.899,1,4,0.0845,23451885,129.972,4,51Fjme0JiitpyXKuyQiCDo,Lalala,0.496
404,4,0.0204,Lil Tecca,0.745,131240,0.642,9,0,7,0.0658,-6.257,0,5,0.287,22431808,179.974,4,6EOKwHETwSkZ9gW2b6ASE0,Ransom,0.226
405,5,0.751,Lewis Capaldi,0.501,182161,0.405,9,0,1,0.105,-5.679,1,6,0.0319,22367819,109.891,4,7qEHsqek33rTcFNT9PFqLf,Someone You Loved,0.446
406,6,0.447,Post Malone,0.58,174960,0.653,9,0,5,0.111,-3.818,1,7,0.0745,22087615,150.231,4,6vBdBCoOhKHiYDDOcorfNo,Goodbyes (Feat. Young Thug),0.175
407,7,0.0846,Anuel AA,0.786,301714,0.808,9,0.000289,7,0.0822,-3.702,1,8,0.0882,21869235,105.027,4,2ksOAxtIxY8yElEWw8RhgK,China,0.609
408,8,0.124,Ed Sheeran,0.64,197867,0.648,9,0,5,0.0802,-8.113,0,9,0.187,21197915,92.977,4,70eFcWOvlMObDhURTqT4Fv,Beautiful People (feat. Khalid),0.548
409,9,0.00268,Ariana Grande,0.643,190107,0.721,9,6.51E-06,1,0.0898,-5.248,1,10,0.0449,20426656,102.914,4,3NkJNL3WqO1Lqc3uNDxvCN,Don‚Äôt Call Me Angel (Charlie‚Äôs Angels) (with Miley Cyrus & Lana Del Rey),0.317
410,10,0.0545,Post Malone,0.617,150867,0.684,9,0,0,0.104,-3.618,1,11,0.0439,19100378,132.113,4,05mDaV9Vb3wrzjF6OPZnhq,Saint-Tropez,0.295
411,11,0.153,Sam Smith,0.477,202205,0.682,9,0,1,0.0763,-4.931,0,12,0.0925,19076265,110.567,5,6b2RcmUt1g9N9mQ3CbjX2Y,How Do You Sleep?,0.345
412,12,0.328,Billie Eilish,0.701,194088,0.425,9,0.13,7,0.1,-10.965,1,13,0.375,18972964,135.128,4,2Fxmhks0bxGSBdJ92vM42m,bad guy,0.562
413,13,0.0912,Ed Sheeran,0.798,219947,0.675,9,0,6,0.0894,-5.041,1,14,0.0442,17880707,101.956,4,0hVXuCcriWRGvwMV1r5Yn9,I Don't Care (with Justin Bieber),0.842
414,14,0.533,Post Malone,0.755,157560,0.522,9,0,2,0.0685,-4.368,1,15,0.0575,17187889,89.96,4,0RiRZpuVRbi7oqRdSMwhQY,Sunflower - Spider-Man: Into the Spider-Verse,0.925
415,15,0.278,DJ Snake,0.694,185195,0.758,9,1.34E-06,11,0.102,-2.986,1,16,0.218,16438133,192.091,4,6osaMSJh9NguagEDQcZaKx,Loco Contigo (feat. J. Balvin & Tyga),0.371
416,16,0.342,Lil Nas X,0.703,114893,0.594,9,0,5,0.123,-6.146,0,17,0.0752,16004348,153.848,4,1000nHvUdawXuUHgBod4Wv,Panini,0.475
417,17,0.0906,Post Malone,0.499,229573,0.8,9,0,1,0.147,-2.665,0,18,0.0502,15849990,139.919,4,7CZyCXKG6d5ALeq41sLzbw,Take What You Want (feat. Ozzy Osbourne & Travis Scott),0.272
418,18,0.0533,Lil Nas X,0.878,157067,0.619,9,0,6,0.113,-5.56,1,19,0.102,14905189,136.041,4,2YpeDb67231RjR0MgVLzsG,Old Town Road - Remix,0.639
419,19,0.6,Bad Bunny,0.61,250534,0.624,9,2.12E-06,2,0.243,-4.773,1,20,0.309,14875264,176.169,4,2TH65lNHgvLxCKXM3apjxI,Callaita,0.244
420,20,0.11,Lizzo,0.715,173325,0.624,9,0,4,0.123,-3.046,0,21,0.114,14232128,158.087,4,5qmq61DAAOUaW8AUo8xKhh,Truth Hurts,0.412
421,21,0.462,ROSAL√çA,0.78,201040,0.759,9,0.000868,1,0.143,-3.292,1,22,0.225,13917399,91.952,4,7BlBVFwvbWvcwNcUarQmjk,"Yo x Ti, Tu x Mi",0.579
422,22,0.152,J Balvin,0.754,242573,0.646,9,1.85E-05,7,0.108,-5.795,1,23,0.317,13876072,176.089,4,0fea68AdmYNygeTGI4RC18,LA CANCI√ìN,0.429
423,23,0.0169,Camila Cabello,0.74,207039,0.498,9,0.00282,11,0.319,-6.684,0,24,0.0456,13779950,98.016,4,7LzouaWGFCy4tkXDOOnEyM,Liar,0.652
424,24,0.0588,Post Malone,0.542,196760,0.674,9,0,6,0.0955,-4.169,1,25,0.21,13668509,76.388,4,0Xek5rqai2jcOWCYWJfVCF,Enemies (feat. DaBaby),0.667
425,25,0.331,Post Malone,0.405,156267,0.646,9,0,4,0.103,-3.206,0,26,0.0476,13629116,130.218,4,7sWRlDoTDX8geTR8zzr2vt,Hollywood's Bleeding,0.17
426,26,0.273,Camilo,0.731,178613,0.832,9,0,9,0.0665,-2.592,1,27,0.0503,13519134,146.013,4,1nocRtwyNPVtGcIJqfgdzZ,Tutu,0.94
427,27,0.145,Jhay Cortez,0.806,309120,0.786,9,0,10,0.0935,-3.831,0,28,0.0741,13380768,91.973,4,4R8BJggjosTswLxtkw8V7P,No Me Conoce - Remix,0.58
428,28,0.837,Maroon 5,0.764,189486,0.32,9,0,11,0.0822,-7.209,1,29,0.0546,13311859,91.019,4,2b8fOow8UzyDFAE27YhOZM,Memories,0.575
429,29,0.119,Ariana Grande,0.4,186107,0.795,9,0,10,0.159,-3.731,0,30,0.461,13085395,190.097,4,0Ryd8975WihbObpp5cPW1t,boyfriend (with Social House),0.702
430,30,0.017,Tainy,0.734,270741,0.836,9,1.64E-05,10,0.179,-4.803,0,31,0.0735,12995071,80.002,4,3jbT1Y5MoPwEIpZndDDwVq,Adicto (with Anuel AA & Ozuna),0.623
431,31,0.123,Chris Brown,0.698,260640,0.454,9,0,1,0.155,-6.756,0,32,0.151,12857360,92.932,4,6XHVuErjQ4XNm6nDPVCxVX,No Guidance (feat. Drake),0.137
432,32,0.128,blackbear,0.778,185093,0.559,9,0,6,0.399,-7.109,0,33,0.0776,11876488,129.989,1,7aiClxsDWFRQ0Kzk5KI5ku,hot girl bummer,0.678
433,33,0.101,Drake,0.831,205427,0.502,9,0,10,0.122,-4.045,0,34,0.046,11759380,100.541,4,5ry2OE6R2zPQFDO85XkgRb,Money In The Grave (Drake ft. Rick Ross),0.101
434,34,0.533,Capital Bra,0.48,194534,0.749,9,0,1,0.0997,-5.057,0,35,0.432,11726688,179.056,4,5sdQ7VUx6GOfsRoSxnK1YG,110,0.419
435,35,0.0404,MEDUZA,0.677,152913,0.744,9,0.00016,10,0.074,-6.806,0,36,0.0295,11404275,124.08,4,1DFD5Fotzgn6yYXkYsKiGs,Piece Of Your Heart,0.631
436,36,0.374,Ali Gatie,0.732,212607,0.463,9,0,11,0.194,-6.972,0,37,0.0287,11214764,95.971,4,6moU77g9RQyMzHNuKEaQKq,It's You,0.397
437,37,0.492,Taylor Swift,0.359,221307,0.543,9,1.58E-05,7,0.118,-7.582,1,38,0.0919,11169796,68.534,4,1dGr1c8CrMLDpV6mPbImSI,Lover,0.453
438,38,0.0711,Sech,0.725,287773,0.79,9,1.14E-06,0,0.0602,-2.331,1,39,0.197,11033160,175.988,4,4bTZeO72FwMa6wKOiqoynL,Otro Trago - Remix,0.763
439,39,0.361,Lunay,0.795,266087,0.783,9,0,5,0.437,-4.271,1,40,0.0432,10847275,92.016,4,1c0hsvHLELX6y8qymnpLKL,Soltera - Remix,0.8
440,40,0.0154,Kygo,0.693,228267,0.678,9,6.05E-06,8,0.101,-7.159,1,41,0.0324,10751696,103.952,4,6oJ6le65B3SEqPwMRNXWjY,Higher Love,0.404
441,41,0.482,Lauv,0.806,198973,0.558,9,0,9,0.0618,-6.46,1,42,0.0683,10727917,95.016,4,322tcqPhma7F6hfCeLisx0,"fuck, i'm lonely",0.678
442,42,0.231,Halsey,0.667,181806,0.583,9,4.48E-05,11,0.181,-5.127,0,43,0.0747,10660231,92.043,4,6V9fHiv84WlVTg7CSnIVY2,Graveyard,0.187
443,43,0.12,The Chainsmokers,0.294,209893,0.505,9,0,3,0.0977,-8.106,1,44,0.042,10408295,85.332,1,6wo37KVqFJhtuxPTpLCcfe,Takeaway (feat. Lennon Stella),0.357
444,44,0.19,Post Malone,0.614,245267,0.66,9,0,0,0.211,-2.848,1,45,0.0441,10373799,145.01,4,2C6WXnmZ66tHhHlnvwePiK,Die For Me (feat. Future & Halsey),0.452
445,45,0.0249,Young Thug,0.784,200187,0.517,9,1.44E-06,4,0.155,-8.981,0,46,0.209,10111687,97.991,4,3s4mrPrEFFPF0LmAfutW0n,The London (feat. J. Cole & Travis Scott),0.206
446,46,0.136,Post Malone,0.829,149547,0.539,9,1.78E-06,11,0.103,-7.359,0,47,0.208,9719609,99.96,4,7xQAfvXzm3AkraOtGPWIZg,Wow.,0.388
447,47,0.256,Lizzo,0.682,159736,0.919,9,0,0,0.442,-3.18,0,48,0.0875,9642013,95.982,4,3Yh9lZcWyKrK9GjbhuS0hR,Good as Hell,0.535
448,48,0.0275,J Balvin,0.639,222347,0.791,9,0,10,0.362,-4.443,0,49,0.253,9529351,92.603,4,25ZAibhr3bdlMCLmubZDVt,QUE PRETENDES,0.939
449,49,0.0388,YNW Melly,0.932,176640,0.547,9,0,0,0.0924,-7.787,0,50,0.333,9401281,94.998,4,4sjiIpEv617LDXaidKioOI,223's (feat. 9lokknine),0.695
450,0,0.576,Selena Gomez,0.505,206459,0.34,10,0,4,0.21,-9.005,1,1,0.0438,47227738,101.993,4,1HfMVBKM75vxSfsQ5VefZ5,Lose You To Love Me,0.0916
451,1,0.688,Tones And I,0.825,209755,0.593,10,0.000161,6,0.17,-6.401,0,2,0.0988,46086874,98.078,4,1rgnBhdG2JDFTbYkYRZAku,Dance Monkey,0.54
452,2,0.837,Maroon 5,0.764,189486,0.32,10,0,11,0.0822,-7.209,1,3,0.0546,31572344,91.019,4,2b8fOow8UzyDFAE27YhOZM,Memories,0.575
453,3,0.000248,Kanye West,0.529,104591,0.9,10,1.21E-05,1,0.0426,-3.503,1,4,0.418,31273064,180.291,4,2QpGZOhTCHHiKmpSO9FW4h,Follow God,0.434
454,4,0.192,Post Malone,0.695,215280,0.762,10,0.00244,0,0.0863,-3.497,1,5,0.0395,30555030,120.042,4,21jGcNKet2qwijlDFuPiPb,Circles,0.553
455,5,0.0546,Travis Scott,0.598,175721,0.427,10,5.83E-06,7,0.21,-8.764,0,6,0.0317,29392489,76.469,4,3eekarcy7kvN4yt5ZFzltW,HIGHEST IN THE ROOM,0.0605
456,6,0.0392,Shawn Mendes,0.759,190800,0.548,10,0,9,0.0828,-6.049,0,7,0.029,26364020,116.967,4,6v3KW9xbzN5yKLt9YKDYA2,Se√±orita,0.749
457,7,0.751,Lewis Capaldi,0.501,182161,0.405,10,0,1,0.105,-5.679,1,8,0.0319,24962682,109.891,4,7qEHsqek33rTcFNT9PFqLf,Someone You Loved,0.446
458,8,0.114,Selena Gomez,0.563,162596,0.564,10,0.0254,10,0.304,-7.906,0,9,0.271,21790923,154.355,5,4yI3HpbSFSgFZtJP2kDe5m,Look At Her Now,0.55
459,9,0.128,blackbear,0.778,185093,0.559,10,0,6,0.399,-7.109,0,10,0.0776,20814917,129.989,1,7aiClxsDWFRQ0Kzk5KI5ku,hot girl bummer,0.678
460,10,0.153,Dan + Shay,0.654,167693,0.63,10,0,10,0.111,-4.644,1,11,0.0259,18576307,89.991,4,2wrJq5XKLnmhRXHIAf9xBa,"10,000 Hours (with Justin Bieber)",0.43
461,11,0.873,Kanye West,0.799,151873,0.291,10,0.000641,11,0.139,-7.353,0,12,0.0318,17782756,97.984,4,3JWiDGQX2eTlFvKj3Yssj3,Closed On Sunday,0.406
462,12,0.124,Ed Sheeran,0.64,197867,0.648,10,0,5,0.0802,-8.113,0,13,0.187,17770785,92.977,4,70eFcWOvlMObDhURTqT4Fv,Beautiful People (feat. Khalid),0.548
463,13,0.0671,Kanye West,0.41,136351,0.886,10,0,9,0.461,-4.413,0,14,0.155,17704688,72.577,4,2SasoXZyv82yYgHiVOvxQn,On God,0.393
464,14,0.0426,Harry Styles,0.585,172227,0.62,10,0.00224,3,0.15,-8.09,0,15,0.0327,17687233,101.939,4,2plLJpUcYPFrl1sW2pMG63,Lights Up,0.281
465,15,0.647,Kanye West,0.482,164620,0.618,10,0.000859,9,0.32,-5.673,0,16,0.197,17475888,90.076,3,39JRmdKFka1Oe09FoOCPI4,Selah,0.146
466,16,0.177,Regard,0.88,157606,0.751,10,6.43E-05,7,0.106,-4.258,0,17,0.0874,17371573,117.948,4,2tnVG71enUj33Ic2nFN6kZ,Ride It,0.884
467,17,0.153,Sam Smith,0.477,202205,0.682,10,0,1,0.0763,-4.931,0,18,0.0925,17160288,110.567,5,6b2RcmUt1g9N9mQ3CbjX2Y,How Do You Sleep?,0.345
468,18,0.0846,Anuel AA,0.786,301714,0.808,10,0.000289,7,0.0822,-3.702,1,19,0.0882,16845661,105.027,4,2ksOAxtIxY8yElEWw8RhgK,China,0.609
469,19,0.328,Billie Eilish,0.701,194088,0.425,10,0.13,7,0.1,-10.965,1,20,0.375,16691570,135.128,4,2Fxmhks0bxGSBdJ92vM42m,bad guy,0.562
470,20,0.0334,Black Eyed Peas,0.721,221714,0.716,10,0.00084,10,0.237,-7.037,0,21,0.0657,16602393,104.994,4,6cy3ki60hLwimwIje7tALf,RITMO (Bad Boys For Life),0.667
471,21,0.181,Y2K,0.843,160627,0.391,10,0,2,0.137,-7.899,1,22,0.0845,16503228,129.972,4,51Fjme0JiitpyXKuyQiCDo,Lalala,0.496
472,22,0.312,Kanye West,0.894,116560,0.416,10,0,9,0.146,-6.823,0,23,0.0538,16438027,116.96,4,24bnCCysWnbNRNUT4LpHcP,Everything We Need,0.463
473,23,0.0687,Juice WRLD,0.474,189323,0.631,10,0,5,0.132,-5.884,0,24,0.343,16028259,180.051,4,6Gg1gjgKi2AK4e0qzsR7sd,Bandit (with YoungBoy Never Broke Again),0.425
474,24,0.614,Kanye West,0.611,213878,0.459,10,0,0,0.126,-3.926,0,25,0.0422,14843190,148.28,4,0oPOuDmmkVp3h6puekhs6P,Use This Gospel,0.177
475,25,0.447,Post Malone,0.58,174960,0.653,10,0,5,0.111,-3.818,1,26,0.0745,14334322,150.231,4,6vBdBCoOhKHiYDDOcorfNo,Goodbyes (Feat. Young Thug),0.175
476,26,0.0912,Ed Sheeran,0.798,219947,0.675,10,0,6,0.0894,-5.041,1,27,0.0442,14068267,101.956,4,0hVXuCcriWRGvwMV1r5Yn9,I Don't Care (with Justin Bieber),0.842
477,27,0.0169,Camila Cabello,0.74,207039,0.498,10,0.00282,11,0.319,-6.684,0,28,0.0456,13920735,98.016,4,7LzouaWGFCy4tkXDOOnEyM,Liar,0.652
478,28,0.148,Ed Sheeran,0.857,204467,0.621,10,0,9,0.0865,-6.376,0,29,0.0824,13428160,97.986,4,4vUmTMuQqjdnvlZmAH61Qk,South of the Border (feat. Camila Cabello & Cardi B),0.668
479,29,0.533,Post Malone,0.755,157560,0.522,10,0,2,0.0685,-4.368,1,30,0.0575,13242148,89.96,4,0RiRZpuVRbi7oqRdSMwhQY,Sunflower - Spider-Man: Into the Spider-Verse,0.925
480,30,0.466,Kanye West,0.588,112239,0.793,10,0.000647,7,0.913,-6.23,1,31,0.0794,12900186,76.997,5,1WnqWQcWcuQbVzgE7ecfCY,Every Hour,0.694
481,31,0.56,SHAED,0.619,184280,0.459,10,0,7,0.137,-5.782,0,32,0.0334,12849376,126.803,4,1iQDltZqI7BXnHrFy4Qo1k,Trampoline (with ZAYN),0.498
482,32,0.0204,Lil Tecca,0.745,131240,0.642,10,0,7,0.0658,-6.257,0,33,0.287,12795057,179.974,4,1lOe9qE0vR9zwWQAOk6CoO,Ransom,0.226
483,33,0.34,Kanye West,0.656,203141,0.637,10,0,1,0.187,-3.867,1,34,0.0256,12735722,105.037,4,6xRWoYwfwIKnT8bQGzKbxR,God Is,0.267
484,34,0.57,Kanye West,0.505,168420,0.281,10,0.000254,2,0.163,-12.404,1,35,0.1,12604488,82.338,4,454Epa1vrCGFddHXKyC1kb,Water,0.283
485,35,0.298,Lizzo,0.668,159011,0.892,10,0,5,0.735,-3.001,0,36,0.0645,12495965,95.927,4,07Oz5StQ7GRoygNLaXs2pd,Good as Hell (feat. Ariana Grande) - Remix,0.478
486,36,0.017,Tainy,0.734,270741,0.836,10,1.64E-05,10,0.179,-4.803,0,37,0.0735,12461725,80.002,4,3jbT1Y5MoPwEIpZndDDwVq,Adicto (with Anuel AA & Ozuna),0.623
487,37,0.342,Lil Nas X,0.703,114893,0.594,10,0,5,0.123,-6.146,0,38,0.0752,11904990,153.848,4,1000nHvUdawXuUHgBod4Wv,Panini,0.475
488,38,0.152,J Balvin,0.754,242573,0.646,10,1.85E-05,7,0.108,-5.795,1,39,0.317,11842178,176.089,4,0fea68AdmYNygeTGI4RC18,LA CANCI√ìN,0.429
489,39,0.6,Bad Bunny,0.61,250534,0.624,10,2.12E-06,2,0.243,-4.773,1,40,0.309,11727722,176.169,4,2TH65lNHgvLxCKXM3apjxI,Callaita,0.244
490,40,0.145,Jhay Cortez,0.806,309120,0.786,10,0,10,0.0935,-3.831,0,41,0.0741,11461442,91.973,4,4R8BJggjosTswLxtkw8V7P,No Me Conoce - Remix,0.58
491,41,0.231,Halsey,0.667,181806,0.583,10,4.48E-05,11,0.181,-5.127,0,42,0.0747,11306406,92.043,4,6V9fHiv84WlVTg7CSnIVY2,Graveyard,0.187
492,42,0.558,Kanye West,0.514,203174,0.393,10,0,1,0.282,-8.72,0,43,0.529,11183853,78.039,4,7r6aR2f57resC5r93LwMfK,Hands On,0.598
493,43,0.0906,Post Malone,0.499,229573,0.8,10,0,1,0.147,-2.665,0,44,0.0502,10965137,139.919,4,7CZyCXKG6d5ALeq41sLzbw,Take What You Want (feat. Ozzy Osbourne & Travis Scott),0.272
494,44,0.374,Ali Gatie,0.732,212607,0.463,10,0,11,0.194,-6.972,0,45,0.0287,10899460,95.971,4,6moU77g9RQyMzHNuKEaQKq,It's You,0.397
495,45,0.0533,Lil Nas X,0.878,157067,0.619,10,0,6,0.113,-5.56,1,46,0.102,10706467,136.041,4,2YpeDb67231RjR0MgVLzsG,Old Town Road - Remix,0.639
496,46,0.278,DJ Snake,0.694,185195,0.758,10,1.34E-06,11,0.102,-2.986,1,47,0.218,10420964,192.091,4,6osaMSJh9NguagEDQcZaKx,Loco Contigo (feat. J. Balvin & Tyga),0.371
497,47,0.11,Lizzo,0.715,173325,0.624,10,0,4,0.123,-3.046,0,48,0.114,10315476,158.087,4,5qmq61DAAOUaW8AUo8xKhh,Truth Hurts,0.412
498,48,0.143,Rauw Alejandro,0.879,199711,0.703,10,0,1,0.0569,-4.219,1,49,0.0701,10241786,94.004,4,6mAN61JH0dzyZpWslS11jy,Fantasias,0.788
499,49,0.128,Major Lazer,0.57,171987,0.585,10,0.000105,8,0.111,-7.041,1,50,0.251,10005477,97.285,4,0Z26mbSHJ1dkUu7g9DDgif,Trigger,0.378
500,0,0.688,Tones And I,0.825,209755,0.593,11,0.000161,6,0.17,-6.401,0,1,0.0988,44289739,98.078,4,1rgnBhdG2JDFTbYkYRZAku,Dance Monkey,0.54
501,1,0.0522,Arizona Zervas,0.621,163636,0.601,11,0,6,0.46,-5.616,0,2,0.148,31871446,116.735,5,696DnlkuDOXcMAnKlTgXXK,ROXANNE,0.457
502,2,0.902,Billie Eilish,0.704,245426,0.225,11,0.657,6,0.106,-14.454,0,3,0.0994,30455759,120.006,4,3ZCTVFBt2Brf31RLEnCkWJ,everything i wanted,0.243
503,3,0.837,Maroon 5,0.764,189486,0.32,11,0,11,0.0822,-7.209,1,4,0.0546,29678784,91.019,4,2b8fOow8UzyDFAE27YhOZM,Memories,0.575
504,4,0.192,Post Malone,0.695,215280,0.762,11,0.00244,0,0.0863,-3.497,1,5,0.0395,26933519,120.042,4,21jGcNKet2qwijlDFuPiPb,Circles,0.553
505,5,0.0125,Dua Lipa,0.794,183290,0.793,11,0,11,0.0952,-4.521,0,6,0.0842,25433949,123.941,4,6WrI0LAC5M1Rw2MnX2ZvEg,Don't Start Now,0.677
506,6,0.576,Selena Gomez,0.505,206459,0.34,11,0,4,0.21,-9.005,1,7,0.0438,23657267,101.993,4,1HfMVBKM75vxSfsQ5VefZ5,Lose You To Love Me,0.0916
507,7,0.751,Lewis Capaldi,0.501,182161,0.405,11,0,1,0.105,-5.679,1,8,0.0319,22689327,109.891,4,7qEHsqek33rTcFNT9PFqLf,Someone You Loved,0.446
508,8,0.0334,Black Eyed Peas,0.721,221714,0.716,11,0.00084,10,0.237,-7.037,0,9,0.0657,22608922,104.994,4,6cy3ki60hLwimwIje7tALf,RITMO (Bad Boys For Life),0.667
509,9,0.0363,Bad Bunny,0.886,192024,0.672,11,8.78E-06,1,0.101,-4.394,1,10,0.188,21654855,91.976,4,5DxXgozhkPLgrbKFY91w0c,Vete,0.526
510,10,0.0392,Shawn Mendes,0.759,190800,0.548,11,0,9,0.0828,-6.049,0,11,0.029,21352414,116.967,4,6v3KW9xbzN5yKLt9YKDYA2,Se√±orita,0.749
511,11,0.0546,Travis Scott,0.598,175721,0.427,11,5.83E-06,7,0.21,-8.764,0,12,0.0317,20952367,76.469,4,3eekarcy7kvN4yt5ZFzltW,HIGHEST IN THE ROOM,0.0605
512,12,0.128,blackbear,0.778,185093,0.559,11,0,6,0.399,-7.109,0,13,0.0776,19276746,129.989,1,7aiClxsDWFRQ0Kzk5KI5ku,hot girl bummer,0.678
513,13,0.295,KAROL G,0.803,200960,0.715,11,0.000134,2,0.0574,-3.28,1,14,0.298,17995065,101.085,4,7k4t7uLgtOxPwTpFmtJNTY,Tusa,0.574
514,14,0.123,Trevor Daniel,0.784,159382,0.43,11,0,10,0.0887,-8.756,0,15,0.0364,17357222,127.087,4,4TnjEaWOeW0eKTKIEvJyCa,Falling,0.236
515,15,0.177,Regard,0.88,157606,0.751,11,6.43E-05,7,0.106,-4.258,0,16,0.0874,16893387,117.948,4,2tnVG71enUj33Ic2nFN6kZ,Ride It,0.884
516,16,0.328,Billie Eilish,0.701,194088,0.425,11,0.13,7,0.1,-10.965,1,17,0.375,15830788,135.128,4,2Fxmhks0bxGSBdJ92vM42m,bad guy,0.562
517,17,0.122,Harry Styles,0.548,174000,0.816,11,0,0,0.335,-4.209,1,18,0.0465,15727628,95.39,4,1e9oZCCiX42nJl0AcqriVo,Watermelon Sugar,0.557
518,18,0.604,Lewis Capaldi,0.459,215107,0.575,11,0,3,0.0885,-4.858,1,19,0.0573,15653077,111.881,4,2gMXnyrvIjhVBUZwvLZDMP,Before You Go,0.183
519,19,0.0392,Harry Styles,0.575,172213,0.621,11,0.0045,10,0.141,-8.165,0,20,0.032,14194965,101.987,4,5aJEh9Oqdz7PRLKTpH25pB,Lights Up,0.27
520,20,0.124,Ed Sheeran,0.64,197867,0.648,11,0,5,0.0802,-8.113,0,21,0.187,14045402,92.977,4,70eFcWOvlMObDhURTqT4Fv,Beautiful People (feat. Khalid),0.548
521,21,0.0846,Anuel AA,0.786,301714,0.808,11,0.000289,7,0.0822,-3.702,1,22,0.0882,13973572,105.027,4,2ksOAxtIxY8yElEWw8RhgK,China,0.609
522,22,0.153,Dan + Shay,0.654,167693,0.63,11,0,10,0.111,-4.644,1,23,0.0259,13406524,89.991,4,2wrJq5XKLnmhRXHIAf9xBa,"10,000 Hours (with Justin Bieber)",0.43
523,23,0.153,Sam Smith,0.477,202205,0.682,11,0,1,0.0763,-4.931,0,24,0.0925,12736327,110.567,5,6b2RcmUt1g9N9mQ3CbjX2Y,How Do You Sleep?,0.345
524,24,0.164,Mariah Carey,0.335,241107,0.625,11,0,7,0.0708,-7.462,1,25,0.0386,12612693,150.277,4,0bYg9bo50gSsH3LtXe2SQn,All I Want for Christmas Is You,0.346
525,25,0.148,Ed Sheeran,0.857,204467,0.621,11,0,9,0.0865,-6.376,0,26,0.0824,12303783,97.986,4,4vUmTMuQqjdnvlZmAH61Qk,South of the Border (feat. Camila Cabello & Cardi B),0.668
526,26,0.56,SHAED,0.619,184280,0.459,11,0,7,0.137,-5.782,0,27,0.0334,12284534,126.803,4,1iQDltZqI7BXnHrFy4Qo1k,Trampoline (with ZAYN),0.498
527,27,0.143,Rauw Alejandro,0.879,199711,0.703,11,0,1,0.0569,-4.219,1,28,0.0701,11965068,94.004,4,6mAN61JH0dzyZpWslS11jy,Fantasias,0.788
528,28,0.00632,The Weeknd,0.531,200080,0.75,11,7.60E-05,10,0.117,-5.831,0,29,0.111,11907510,169.954,4,57vxBYXtHMk6H1aD29V7PU,Heartless,0.198
529,29,0.0912,Ed Sheeran,0.798,219947,0.675,11,0,6,0.0894,-5.041,1,30,0.0442,11881211,101.956,4,0hVXuCcriWRGvwMV1r5Yn9,I Don't Care (with Justin Bieber),0.842
530,30,0.533,Post Malone,0.755,157560,0.522,11,0,2,0.0685,-4.368,1,31,0.0575,11866765,89.96,4,0RiRZpuVRbi7oqRdSMwhQY,Sunflower - Spider-Man: Into the Spider-Verse,0.925
531,31,0.181,Y2K,0.843,160627,0.391,11,0,2,0.137,-7.899,1,32,0.0845,11664694,129.972,4,51Fjme0JiitpyXKuyQiCDo,Lalala,0.496
532,32,0.0478,Daddy Yankee,0.658,210520,0.901,11,0,7,0.12,-2.814,1,33,0.0357,11634420,93.979,4,6RyaV7owmVU6fzEPE17sF1,Que Tire Pa Lante,0.708
533,33,0.152,J Balvin,0.754,242573,0.646,11,1.85E-05,7,0.108,-5.795,1,34,0.317,11442050,176.089,4,0fea68AdmYNygeTGI4RC18,LA CANCI√ìN,0.429
534,34,0.0687,Juice WRLD,0.474,189323,0.631,11,0,5,0.132,-5.884,0,35,0.343,11378132,180.051,4,6Gg1gjgKi2AK4e0qzsR7sd,Bandit (with YoungBoy Never Broke Again),0.425
535,35,0.00838,Stormzy,0.817,216707,0.781,11,5.21E-06,7,0.123,-4.178,0,36,0.112,11310793,104,4,07s9NNOT0sZQp7TyolLLgu,Own It (feat. Ed Sheeran & Burna Boy),0.359
536,36,0.0169,Camila Cabello,0.74,207039,0.498,11,0.00282,11,0.319,-6.684,0,37,0.0456,11241441,98.016,4,7LzouaWGFCy4tkXDOOnEyM,Liar,0.652
537,37,0.129,MEDUZA,0.598,168387,0.526,11,0,10,0.14,-8.659,0,38,0.0415,11136009,123.935,4,7CHi4DtfK4heMlQaudCuHK,Lose Control,0.529
538,38,0.447,Post Malone,0.58,174960,0.653,11,0,5,0.111,-3.818,1,39,0.0745,11040398,150.231,4,6vBdBCoOhKHiYDDOcorfNo,Goodbyes (Feat. Young Thug),0.175
539,39,0.6,Bad Bunny,0.61,250534,0.624,11,2.12E-06,2,0.243,-4.773,1,40,0.309,10814213,176.169,4,2TH65lNHgvLxCKXM3apjxI,Callaita,0.244
540,40,0.017,Tainy,0.734,270741,0.836,11,1.64E-05,10,0.179,-4.803,0,41,0.0735,10570573,80.002,4,3jbT1Y5MoPwEIpZndDDwVq,Adicto (with Anuel AA & Ozuna),0.623
541,41,0.189,DaBaby,0.769,159715,0.787,11,0,11,0.129,-3.909,1,42,0.367,10451998,126.77,4,6Ozh9Ok6h4Oi1wUSLtBseN,BOP,0.836
542,42,0.145,Jhay Cortez,0.806,309120,0.786,11,0,10,0.0935,-3.831,0,43,0.0741,10301589,91.973,4,4R8BJggjosTswLxtkw8V7P,No Me Conoce - Remix,0.58
543,43,0.114,Selena Gomez,0.563,162596,0.564,11,0.0254,10,0.304,-7.906,0,44,0.271,10292214,154.355,5,4yI3HpbSFSgFZtJP2kDe5m,Look At Her Now,0.55
544,44,0.0407,Lauv,0.746,232853,0.45,11,0,7,0.172,-8.543,1,45,0.0872,9986080,95.998,4,3GRSqlALWISqLeNncZMbpX,Mean It,0.336
545,45,0.298,Lizzo,0.668,159011,0.892,11,0,5,0.735,-3.001,0,46,0.0645,9834549,95.927,4,07Oz5StQ7GRoygNLaXs2pd,Good as Hell (feat. Ariana Grande) - Remix,0.478
546,46,0.0204,Lil Tecca,0.745,131240,0.642,11,0,7,0.0658,-6.257,0,47,0.287,9793231,179.974,4,1lOe9qE0vR9zwWQAOk6CoO,Ransom,0.226
547,47,0.177,Ant Saunders,0.866,223258,0.438,11,0,7,0.0743,-8.943,1,48,0.0719,9630162,129.039,4,2W4yABdLc4Jnds67Poi5Nl,Yellow Hearts,0.695
548,48,0.0549,Nicky Jam,0.817,215460,0.665,11,0,9,0.103,-6.224,0,49,0.0758,9603576,104.957,4,2pWOMNQJW3g2zmGjP0Vkb0,Whine Up,0.662
549,49,0.517,PARTYNEXTDOOR,0.866,197973,0.53,11,0.00159,0,0.0946,-6.347,0,50,0.0495,9344195,104.952,4,5bvnqVuq7UFl0txSlHpsfS,LOYAL (feat. Drake),0.203
550,0,0.688,Tones And I,0.825,209755,0.593,12,0.000161,6,0.17,-6.401,0,1,0.0988,47797217,98.078,4,1rgnBhdG2JDFTbYkYRZAku,Dance Monkey,0.54
551,1,0.164,Mariah Carey,0.335,241107,0.625,12,0,7,0.0708,-7.462,1,2,0.0386,45828931,150.277,4,0bYg9bo50gSsH3LtXe2SQn,All I Want for Christmas Is You,0.346
552,2,0.189,Wham!,0.735,262960,0.478,12,2.48E-06,2,0.355,-12.472,1,3,0.0293,37725693,107.682,4,2FRnf9qhLbvw8fu4IBXx78,Last Christmas,0.947
553,3,0.0522,Arizona Zervas,0.621,163636,0.601,12,0,6,0.46,-5.616,0,4,0.148,32309199,116.735,5,696DnlkuDOXcMAnKlTgXXK,ROXANNE,0.457
554,4,0.0489,Ariana Grande,0.525,204093,0.621,12,0,7,0.294,-7.364,1,5,0.116,27506141,191.9,4,0lizgQ7Qw35od7CYaoMBZb,Santa Tell Me,0.591
555,5,0.295,KAROL G,0.803,200960,0.715,12,0.000134,2,0.0574,-3.28,1,6,0.298,26024449,101.085,4,7k4t7uLgtOxPwTpFmtJNTY,Tusa,0.574
556,6,0.908,Michael Bubl√©,0.339,206640,0.214,12,7.47E-06,4,0.341,-11.714,1,7,0.0375,25997383,94.775,3,0lLdorYw7lVrJydTINhWdI,It's Beginning to Look a Lot like Christmas,0.363
557,7,0.123,Trevor Daniel,0.784,159382,0.43,12,0,10,0.0887,-8.756,0,8,0.0364,25122335,127.087,4,4TnjEaWOeW0eKTKIEvJyCa,Falling,0.236
558,8,0.837,Maroon 5,0.764,189486,0.32,12,0,11,0.0822,-7.209,1,9,0.0546,25107372,91.019,4,2b8fOow8UzyDFAE27YhOZM,Memories,0.575
559,9,0.643,Bobby Helms,0.754,130973,0.424,12,0,2,0.0652,-8.463,1,10,0.0363,24951120,119.705,4,3hBXvHLlTHvnbwrPbeoyAj,Jingle Bell Rock,0.806
560,10,0.614,Brenda Lee,0.589,126267,0.472,12,0,8,0.505,-8.749,1,11,0.0502,24401078,67.196,4,2EjXfH91m7f8HiJN1yQg97,Rockin' Around The Christmas Tree,0.898
561,11,0.192,Post Malone,0.695,215280,0.762,12,0.00244,0,0.0863,-3.497,1,12,0.0395,24335324,120.042,4,21jGcNKet2qwijlDFuPiPb,Circles,0.553
562,12,0.0125,Dua Lipa,0.794,183290,0.793,12,0,11,0.0952,-4.521,0,13,0.0842,23474622,123.941,4,6WrI0LAC5M1Rw2MnX2ZvEg,Don't Start Now,0.677
563,13,0.871,Andy Williams,0.234,151000,0.526,12,2.34E-06,2,0.122,-11.656,1,14,0.0411,23412959,201.739,3,1IcR6RlgvDczfvoWJSSY2A,It's the Most Wonderful Time of the Year,0.649
564,14,0.00147,The Weeknd,0.513,201573,0.796,12,0.000209,1,0.0938,-4.075,1,15,0.0629,21948697,171.017,4,0sf12qNH5qcw8qpgymFOqD,Blinding Lights,0.345
565,15,0.902,Billie Eilish,0.704,245426,0.225,12,0.657,6,0.106,-14.454,0,16,0.0994,21586527,120.006,4,3ZCTVFBt2Brf31RLEnCkWJ,everything i wanted,0.243
566,16,0.319,John Lennon,0.328,213880,0.607,12,0,2,0.765,-11.076,1,17,0.0315,21367029,146.539,3,3zJw3rugfpVrmBeDDnUYzy,Happy Xmas (War Is Over) - Remastered,0.395
567,17,0.0392,Shawn Mendes,0.759,190800,0.548,12,0,9,0.0828,-6.049,0,18,0.029,20975710,116.967,4,6v3KW9xbzN5yKLt9YKDYA2,Se√±orita,0.749
568,18,0.498,Justin Bieber,0.658,182947,0.56,12,0,6,0.0794,-9.049,0,19,0.0467,20802468,161.994,4,7xapw9Oy21WpfEcib2ErSA,Mistletoe,0.854
569,19,0.0334,Black Eyed Peas,0.721,221714,0.716,12,0.00084,10,0.237,-7.037,0,20,0.0657,20797049,104.994,4,6cy3ki60hLwimwIje7tALf,RITMO (Bad Boys For Life),0.667
570,20,0.534,Jos√© Feliciano,0.485,182360,0.857,12,0,2,0.347,-7.059,1,21,0.0442,20300178,148.749,4,7taXf5odg9xCAZERYfyOkS,Feliz Navidad,0.963
571,21,0.164,Band Aid,0.599,222533,0.642,12,3.33E-05,0,0.0992,-6.936,1,22,0.0363,20283495,115.412,4,0247StOpd3AkeBQzANX4Zf,Do They Know It's Christmas? - 1984 Version,0.349
572,22,0.903,Frank Sinatra,0.653,155453,0.259,12,0,2,0.362,-13.336,1,23,0.0595,19911738,142.157,4,4kKdvXD0ez7jp1296JmAts,Let It Snow! Let It Snow! Let It Snow! (with The B. Swanson Quartet),0.835
573,23,0.865,Michael Bubl√©,0.647,119787,0.465,12,0,7,0.0882,-8.308,1,24,0.0428,19721103,151.251,4,6tjituizSxwSmBB5vtgHZE,Holly Jolly Christmas,0.699
574,24,0.751,Lewis Capaldi,0.501,182161,0.405,12,0,1,0.105,-5.679,1,25,0.0319,19547865,109.891,4,7qEHsqek33rTcFNT9PFqLf,Someone You Loved,0.446
575,25,0.0237,Harry Styles,0.676,207133,0.771,12,7.00E-06,8,0.102,-3.675,1,26,0.0483,18760844,99.048,4,3jjujdWJ72nww5eGnfs2E7,Adore You,0.569
576,26,0.355,Chris Rea,0.513,241627,0.583,12,1.96E-05,9,0.18,-10.863,1,27,0.038,18087297,180.184,4,27qAMKrDdKEs8HDXcvR24R,Driving Home for Christmas - 2019 Remaster,0.866
577,27,0.0013,Kelly Clarkson,0.509,229640,0.812,12,1.99E-05,8,0.214,-5.438,1,28,0.0537,17499772,159.876,4,3nAp4IvdMPPWEH9uuXFFV5,Underneath the Tree,0.689
578,28,0.322,Paul McCartney,0.774,227653,0.511,12,0,11,0.0672,-8.914,1,29,0.0319,17481418,94.736,4,7Lbxvt42JsNSKVCaN63qhD,Wonderful Christmastime [Edited Version] - Remastered 2011 / Edited Version,0.771
579,29,0.328,Billie Eilish,0.701,194088,0.425,12,0.13,7,0.1,-10.965,1,30,0.375,17361194,135.128,4,2Fxmhks0bxGSBdJ92vM42m,bad guy,0.562
580,30,0.92,Nat King Cole,0.319,192160,0.21,12,8.06E-05,1,0.138,-15.231,1,31,0.0341,16246584,78.696,4,4PS1e8f2LvuTFgUs1Cn3ON,The Christmas Song (Merry Christmas To You),0.209
581,31,0.0363,Bad Bunny,0.886,192024,0.672,12,8.78E-06,1,0.101,-4.394,1,32,0.188,15790535,91.976,4,5DxXgozhkPLgrbKFY91w0c,Vete,0.526
582,32,0.673,Bing Crosby,0.317,177480,0.158,12,0.353,9,0.338,-16.485,1,33,0.0381,15643273,130.503,3,4so0Wek9Ig1p6CRCHuINwW,White Christmas,0.247
583,33,0.0546,Travis Scott,0.598,175721,0.427,12,5.83E-06,7,0.21,-8.764,0,34,0.0317,15504648,76.469,4,3eekarcy7kvN4yt5ZFzltW,HIGHEST IN THE ROOM,0.0605
584,34,0.104,Roddy Ricch,0.896,196653,0.586,12,0,10,0.79,-6.687,0,35,0.0559,15387992,116.971,4,0nbXyq5TXYPCO7pr3N8S4I,The Box,0.642
585,35,0.122,Harry Styles,0.548,174000,0.816,12,0,0,0.335,-4.209,1,36,0.0465,15195825,95.39,4,6UelLqGlWMcVH1E5c4H7lY,Watermelon Sugar,0.557
586,36,0.576,Selena Gomez,0.505,206459,0.34,12,0,4,0.21,-9.005,1,37,0.0438,15112221,101.993,4,1HfMVBKM75vxSfsQ5VefZ5,Lose You To Love Me,0.0916
587,37,0.128,blackbear,0.778,185093,0.559,12,0,6,0.399,-7.109,0,38,0.0776,14825318,129.989,1,7aiClxsDWFRQ0Kzk5KI5ku,hot girl bummer,0.678
588,38,0.349,Juice WRLD,0.511,239836,0.566,12,0,6,0.34,-7.23,0,39,0.2,14717691,83.903,4,285pBltuF7vW8TeWk8hdRR,Lucid Dreams,0.218
589,39,0.129,Shakin' Stevens,0.534,220160,0.905,12,0,9,0.128,-3.315,1,40,0.0369,14691427,202.899,4,4rRIovg4TvxLUiUrpGI6lE,Merry Christmas Everyone,0.961
590,40,0.018,Camila Cabello,0.724,170746,0.491,12,1.29E-05,8,0.0887,-6.024,1,41,0.0296,14608943,105.046,4,3yOlyBJuViE2YSGn3nVE1K,My Oh My (feat. DaBaby),0.383
591,41,0.177,Regard,0.88,157606,0.751,12,6.43E-05,7,0.106,-4.258,0,42,0.0874,14068922,117.948,4,2tnVG71enUj33Ic2nFN6kZ,Ride It,0.884
592,42,0.579,Burl Ives,0.683,135533,0.375,12,0,0,0.076,-13.056,1,43,0.0303,13793327,140.467,4,65Q2mv3UlVi9eO70OpsmSe,A Holly Jolly Christmas - Single Version,0.888
593,43,0.457,The Ronettes,0.527,180833,0.768,12,2.36E-06,2,0.304,-7.557,1,44,0.0304,13775457,91.75,4,1ODZGydlown4VesUP8HLJX,Sleigh Ride,0.799
594,44,0.912,Dean Martin,0.451,117147,0.24,12,2.45E-06,1,0.175,-14.014,1,45,0.0351,13453624,134.009,4,2uFaJJtFpPDc5Pa95XzTvg,Let It Snow! Let It Snow! Let It Snow!,0.701
595,45,0.0327,Lil Uzi Vert,0.881,198913,0.457,12,0,7,0.231,-8.191,0,46,0.156,13422220,136.97,4,2Ec33AVlkTTq8BHFgBTdQs,Futsal Shuffle 2020,0.296
596,46,0.00632,The Weeknd,0.531,200080,0.75,12,7.60E-05,10,0.117,-5.831,0,47,0.111,13287186,169.954,4,57vxBYXtHMk6H1aD29V7PU,Heartless,0.198
597,47,0.957,Sam Smith,0.438,170964,0.178,12,0,5,0.316,-9.402,1,48,0.0414,13271698,75.248,1,1Qi2wh8fFgDV7tl4Sj3f2K,Have Yourself A Merry Little Christmas,0.344
598,48,0.0846,Anuel AA,0.786,301714,0.808,12,0.000289,7,0.0822,-3.702,1,49,0.0882,12902216,105.027,4,2ksOAxtIxY8yElEWw8RhgK,China,0.609
599,49,0.275,Darlene Love,0.34,164959,0.805,12,0.000459,8,0.0988,-6.3,1,50,0.053,12881481,126.865,4,0jiPKUSdsJNCxMPHjMqptk,Christmas (Baby Please Come Home),0.341
